Branch_ID,Branch_Name,Region,Month,Orders,Revenue,Avg_Rating,Customer_Count,Repeat_Customers,New_Customers,Complaints,Delivery_Time_Min,Performance_Level,Branch_Status,Reason,Revenue_Per_Order,Revenue_Per_Customer,Customer_Loyalty_Score,Operational_Risk_Score,Repeat_Customer_Rate,Repeat_Customer_Rate_Pct,Complaint_Rate,Complaint_Rate_Pct,New_Customer_Rate,New_Customer_Rate_Pct,Service_Quality_Score,Customer_Acquisition_Score,Complaint_Per_1000_Orders,Revenue_Growth_Pct,Repeat_Customer_Growth_Pct,Churn_Risk,Operational_Risk
E_01,Electronic City,South,2024-01-01,6733,2316152,3.7,5639,2706,2933,228,43,Low,At Risk,Heavy competition and mixed ratings,344.0,410.7380741266182,47.98723177868416,39.33386306252785,0.4799,47.99,0.0339,3.39,0.5201,52.01,67.22,52.01,33.86306252784791,0.0,0.0,High,High
E_02,Electronic City,South,2024-02-01,5483,2121921,3.8,4382,1928,2454,187,43,Low,At Risk,Heavy competition and mixed ratings,387.0,484.2357371063441,43.99817434961205,39.234105416742665,0.44,44.0,0.0341,3.41,0.56,56.0,69.18,56.0,34.10541674265913,-8.38593494727462,-28.750923872875088,High,High
E_03,Electronic City,South,2024-03-01,4953,2060448,4.0,4240,1865,2375,197,47,Low,At Risk,Heavy competition and mixed ratings,416.0,485.9547169811321,43.985849056603776,43.039773874419545,0.4399,43.99,0.0398,3.98,0.5601,56.01,72.04,56.01,39.77387441954372,-2.897044706188401,-3.267634854771784,Medium,High
E_04,Electronic City,South,2024-04-01,5824,2364544,3.8,4517,2213,2304,242,38,Low,At Risk,Heavy competition and mixed ratings,406.0,523.4766437901262,48.99269426610582,34.2415521978022,0.4899,48.99,0.0416,4.16,0.5101,51.01,67.68,51.01,41.5521978021978,14.758732081566729,18.659517426273453,High,High
E_05,Electronic City,South,2024-05-01,6389,2287262,3.9,5487,2469,3018,226,36,Low,At Risk,Heavy competition and mixed ratings,358.0,416.85110260616,44.99726626571897,32.13537329785569,0.45,45.0,0.0354,3.54,0.55,55.0,70.92,55.0,35.37329785568947,-3.2683680236020085,11.568007230004527,High,Medium
E_06,Electronic City,South,2024-06-01,6639,2602488,4.0,5502,2640,2862,208,44,Low,At Risk,Heavy competition and mixed ratings,392.0,473.00763358778624,47.98255179934569,40.03133001958126,0.4798,47.98,0.0313,3.13,0.5202,52.02,73.74,52.02,31.33001958126224,13.781805494954224,6.925880923450789,Medium,High
E_07,Electronic City,South,2024-07-01,4690,1800960,3.9,4031,1773,2258,209,42,Low,At Risk,Heavy competition and mixed ratings,384.0,446.77747457206647,43.98412304639047,38.144562899786784,0.4398,43.98,0.0446,4.46,0.5602,56.02,69.08,56.02,44.56289978678039,-30.79852817765154,-32.840909090909086,High,High
E_08,Electronic City,South,2024-08-01,5554,2049426,3.9,4806,2114,2692,159,46,Low,At Risk,Heavy competition and mixed ratings,369.0,426.43071161048687,43.98668331252601,42.12862801584444,0.4399,43.99,0.0286,2.86,0.5601,56.01,72.28,56.01,28.62801584443644,13.79630863539445,19.23293852227863,High,High
E_09,Electronic City,South,2024-09-01,6629,2684745,3.9,5077,2335,2742,227,47,Low,At Risk,Heavy competition and mixed ratings,405.0,528.8053968879259,45.99172739806973,43.13424347563736,0.4599,45.99,0.0342,3.42,0.5401,54.01,71.16,54.01,34.24347563735103,30.99985068990049,10.454115421002829,High,High
E_10,Electronic City,South,2024-10-01,7118,2840082,4.0,5135,2105,3030,166,43,Low,At Risk,Heavy competition and mixed ratings,399.0,553.0831548198637,40.99318403115871,39.023321157628544,0.4099,40.99,0.0233,2.33,0.5901,59.01,75.34,59.01,23.321157628547343,5.785912628573664,-9.850107066381153,Medium,High
E_11,Electronic City,South,2024-11-01,7948,3282524,3.9,6272,2885,3387,219,38,Low,At Risk,Heavy competition and mixed ratings,413.0,523.3616071428571,45.99808673469388,34.1275541016608,0.46,46.0,0.0276,2.76,0.54,54.0,72.48,54.0,27.55410166079517,15.578493860388544,37.05463182897861,High,Medium
E_12,Electronic City,South,2024-12-01,6316,2570612,3.8,4723,2125,2598,209,40,Low,At Risk,Heavy competition and mixed ratings,407.0,544.2752487825535,44.99258945585433,36.233090563647885,0.4499,44.99,0.0331,3.31,0.5501,55.01,69.38,55.01,33.090563647878405,-21.68794500817054,-26.34315424610052,High,High
E_13,Electronic City,South,2025-01-01,5730,2039880,3.7,4659,2096,2563,240,36,Low,At Risk,Heavy competition and mixed ratings,356.0,437.83644558918223,44.98819489160764,32.341884816753925,0.4499,44.99,0.0419,4.19,0.5501,55.01,65.62,55.01,41.88481675392671,-20.646134072353195,-1.3647058823529457,High,Medium
E_14,Electronic City,South,2025-02-01,4521,1767711,3.9,3803,1635,2168,231,37,Low,At Risk,Heavy competition and mixed ratings,391.0,464.8201419931633,42.99237444123061,33.15109489051095,0.4299,42.99,0.0511,5.11,0.5701,57.01,67.78,57.01,51.09489051094891,-13.342402494264372,-21.99427480916031,High,Medium
E_15,Electronic City,South,2025-03-01,5530,2289420,3.7,4586,1926,2660,182,41,Low,At Risk,Heavy competition and mixed ratings,414.0,499.2193632795464,41.99738334060183,37.33291139240506,0.42,42.0,0.0329,3.29,0.58,58.0,67.42,58.0,32.911392405063296,29.51325188336782,17.798165137614674,High,High
E_16,Electronic City,South,2025-04-01,5953,2095456,3.8,5099,2141,2958,153,36,Low,At Risk,Heavy competition and mixed ratings,352.0,410.9543047656403,41.9886252206315,32.22570132706199,0.4199,41.99,0.0257,2.57,0.5801,58.01,70.86,58.01,25.701327061985555,-8.472189462833379,11.163032191069576,High,Medium
E_17,Electronic City,South,2025-05-01,5386,2078996,3.9,4464,1830,2634,224,39,Low,At Risk,Heavy competition and mixed ratings,386.0,465.7249103942653,40.99462365591398,35.141589305607134,0.4099,40.99,0.0416,4.16,0.5901,59.01,69.68,59.01,41.5893056071296,-0.7855092161324295,-14.52592246613732,High,High
E_18,Electronic City,South,2025-06-01,6062,2339932,4.0,4771,2099,2672,257,43,Low,At Risk,Heavy competition and mixed ratings,386.0,490.44896248166,43.99496960804863,39.04239524909271,0.4399,43.99,0.0424,4.24,0.5601,56.01,71.52,56.01,42.395249092708674,12.55105829929446,14.699453551912578,Medium,High
E_19,Electronic City,South,2025-07-01,4583,1558220,3.8,3534,1484,2050,206,40,Low,At Risk,Heavy competition and mixed ratings,340.0,440.92246745897,41.99207696661008,36.24494872354353,0.4199,41.99,0.0449,4.49,0.5801,58.01,67.02,58.01,44.94872354353044,-33.40746654176275,-29.299666507860888,High,High
E_20,Electronic City,South,2025-08-01,5433,1977612,3.8,4533,1813,2720,210,38,Low,At Risk,Heavy competition and mixed ratings,364.0,436.2700198544011,39.9955879108758,34.23865267807841,0.4,40.0,0.0387,3.87,0.6,60.0,68.26,60.0,38.65267807840972,26.91481305592278,22.169811320754707,High,Medium
E_21,Electronic City,South,2025-09-01,6309,2517291,4.0,4729,2222,2507,229,46,Low,At Risk,Heavy competition and mixed ratings,399.0,532.3093677310213,46.98667794459717,42.0362973529878,0.4699,46.99,0.0363,3.63,0.5301,53.01,72.74,53.01,36.297352987795215,27.289427855413507,22.559293987865424,Medium,High
E_22,Electronic City,South,2025-10-01,7106,2913460,3.7,5828,2389,3439,157,46,Low,At Risk,Heavy competition and mixed ratings,410.0,499.9073438572409,40.99176389842141,42.32209400506614,0.4099,40.99,0.0221,2.21,0.5901,59.01,69.58,59.01,22.09400506614129,15.737910317082935,7.515751575157514,High,High
E_23,Electronic City,South,2025-11-01,6277,2146734,3.8,4705,2305,2400,173,47,Low,At Risk,Heavy competition and mixed ratings,342.0,456.2665249734325,48.99043570669501,43.22756093675323,0.4899,48.99,0.0276,2.76,0.5101,51.01,70.48,51.01,27.560936753226063,-26.316681883396377,-3.516115529510256,High,High
E_24,Electronic City,South,2025-12-01,5779,2011092,3.8,4346,1738,2608,227,42,Low,At Risk,Heavy competition and mixed ratings,348.0,462.7455131155085,39.99079613437644,38.23928015227549,0.3999,39.99,0.0393,3.93,0.6001,60.01,68.14,60.01,39.28015227548018,-6.318528518204869,-24.59869848156182,High,High
I_01,Indiranagar,East,2024-01-01,16804,6234284,4.7,13903,10427,3476,74,23,High,Healthy,Prime location with strong dine-in demand,371.0,448.41286053369777,74.99820182694383,18.304403713401573,0.75,75.0,0.0044,0.44,0.25,25.0,93.12,25.0,4.403713401571054,0.0,0.0,Low,Low
I_02,Indiranagar,East,2024-02-01,13686,8307202,4.5,11712,8081,3631,61,19,High,Healthy,Prime location with strong dine-in demand,606.9853865263773,709.2897882513661,68.99760928961749,14.504457109454918,0.69,69.0,0.0045,0.45,0.31,31.0,89.1,31.0,4.4571094549174335,33.2502978690095,-22.499280713532176,Medium,Low
I_03,Indiranagar,East,2024-03-01,12245,4469425,4.6,10403,7698,2705,63,19,High,Healthy,Prime location with strong dine-in demand,365.0,429.6284725559935,73.99788522541574,14.405144957125357,0.74,74.0,0.0051,0.51,0.26,26.0,90.98,26.0,5.144957125357288,-46.19819043764676,-4.739512436579629,Low,Low
I_04,Indiranagar,East,2024-04-01,12920,4961280,4.7,9704,6889,2815,41,18,High,Healthy,Prime location with strong dine-in demand,384.0,511.26133553173946,70.99134377576257,13.303173374613005,0.7099,70.99,0.0032,0.32,0.2901,29.01,93.36,29.01,3.173374613003096,11.004883178484937,-10.509223174850613,Low,Low
I_05,Indiranagar,East,2024-05-01,14559,5153886,4.6,11357,7949,3408,48,21,High,Healthy,Prime location with strong dine-in demand,354.0,453.8069912829092,69.99207537201725,16.403296929734182,0.6999,69.99,0.0033,0.33,0.3001,30.01,91.34,30.01,3.2969297341850403,3.8821836300309664,15.386848599216153,Medium,Low
I_06,Indiranagar,East,2024-06-01,12833,5094701,4.6,10353,7040,3313,56,20,High,Healthy,Prime location with strong dine-in demand,397.0,492.0990051192891,67.99961363855887,15.404363749707786,0.68,68.0,0.0044,0.44,0.32,32.0,91.12,32.0,4.363749707784618,-1.1483567933012084,-11.435400679330732,Medium,Low
I_07,Indiranagar,East,2024-07-01,13148,5009388,4.8,11197,7949,3248,56,22,High,Healthy,Prime location with strong dine-in demand,381.0,447.3866214164509,70.99223006162364,17.204259202920596,0.7099,70.99,0.0043,0.43,0.2901,29.01,95.14,29.01,4.259202920596288,-1.6745438054166506,12.91193181818182,Low,Low
I_08,Indiranagar,East,2024-08-01,13077,5126184,4.7,9983,7487,2496,71,18,High,Healthy,Prime location with strong dine-in demand,392.0,513.4913352699589,74.9974957427627,13.305429379827178,0.75,75.0,0.0054,0.54,0.25,25.0,92.92,25.0,5.429379827177487,2.331542296184685,-5.812051830418918,Low,Low
I_09,Indiranagar,East,2024-09-01,12004,4633544,4.6,9986,7489,2497,40,22,High,Healthy,Prime location with strong dine-in demand,386.0,464.004005607851,74.99499299018626,17.403332222592468,0.7499,74.99,0.0033,0.33,0.2501,25.01,91.34,25.01,3.332222592469177,-9.610267598665988,0.026712969146514,Low,Low
I_10,Indiranagar,East,2024-10-01,17230,6357870,4.7,12518,8887,3631,47,19,High,Healthy,Prime location with strong dine-in demand,369.0,507.8982265537626,70.99376897267933,14.30272780034823,0.7099,70.99,0.0027,0.27,0.2901,29.01,93.46,29.01,2.7278003482298314,37.213977033562216,18.66737882227268,Low,Low
I_11,Indiranagar,East,2024-11-01,13936,5588336,4.6,11897,8803,3094,62,19,High,Healthy,Prime location with strong dine-in demand,401.0,469.726485668656,73.99344372530891,14.404448909299656,0.7399,73.99,0.0044,0.44,0.2601,26.01,91.12,26.01,4.448909299655568,-12.103644774114596,-0.945200855181727,Low,Low
I_12,Indiranagar,East,2024-12-01,16020,6199740,4.6,12003,8282,3721,35,24,High,Healthy,Prime location with strong dine-in demand,387.0,516.515871032242,68.99941681246355,19.402184769038705,0.69,69.0,0.0022,0.22,0.31,31.0,91.56,31.0,2.184769038701623,10.940716520982274,-5.918436896512558,Medium,Medium
I_13,Indiranagar,East,2025-01-01,14830,6050640,4.8,12129,8975,3154,73,25,High,Healthy,Prime location with strong dine-in demand,408.0,498.8572841949048,73.9962074367219,20.20492245448415,0.74,74.0,0.0049,0.49,0.26,26.0,95.02,26.0,4.922454484153742,-2.404939561981634,8.367544071480326,Low,Medium
I_14,Indiranagar,East,2025-02-01,14294,5660424,4.5,11073,7751,3322,60,25,High,Healthy,Prime location with strong dine-in demand,396.0,511.19154700623136,69.99909690237514,20.50419756541206,0.7,70.0,0.0042,0.42,0.3,30.0,89.16,30.0,4.197565412061005,-6.449169013525847,-13.637883008356544,Low,Medium
I_15,Indiranagar,East,2025-03-01,13243,5310443,4.5,11025,8048,2977,83,23,High,Healthy,Prime location with strong dine-in demand,401.0,481.6728344671202,72.99773242630386,18.506267462055423,0.73,73.0,0.0063,0.63,0.27,27.0,88.74,27.0,6.267462055425508,-6.182946719185701,3.831763643400854,Low,Low
I_16,Indiranagar,East,2025-04-01,13227,4999806,4.5,10256,7384,2872,60,25,High,Healthy,Prime location with strong dine-in demand,378.0,487.50058502340096,71.996879875195,20.50453617600363,0.72,72.0,0.0045,0.45,0.28,28.0,89.1,28.0,4.536176003628941,-5.849549651507413,-8.250497017892645,Low,Medium
I_17,Indiranagar,East,2025-05-01,13757,5131361,4.7,10479,7544,2935,44,23,High,Healthy,Prime location with strong dine-in demand,373.0,489.68040843591945,71.9916022521233,18.303198371738024,0.7199,71.99,0.0032,0.32,0.2801,28.01,93.36,28.01,3.1983717380242784,2.631202090641116,2.1668472372697645,Low,Low
I_18,Indiranagar,East,2025-06-01,14809,6042072,4.8,12283,9212,3071,66,18,High,Healthy,Prime location with strong dine-in demand,408.0,491.90523487747294,74.99796466661239,13.20445674927409,0.75,75.0,0.0045,0.45,0.25,25.0,95.1,25.0,4.45674927409008,17.747942504922175,22.11028632025452,Low,Low
I_19,Indiranagar,East,2025-07-01,14839,5505269,4.8,12916,9170,3746,36,18,High,Healthy,Prime location with strong dine-in demand,371.0,426.2363734902447,70.99721275936822,13.202426039490533,0.71,71.0,0.0024,0.24,0.29,29.0,95.52,29.0,2.426039490531707,-8.884419119798636,-0.455927051671734,Low,Low
I_20,Indiranagar,East,2025-08-01,13687,5091564,4.7,11631,7909,3722,69,21,High,Healthy,Prime location with strong dine-in demand,372.0,437.7580603559453,67.99931218295934,16.305041280046762,0.68,68.0,0.005,0.5,0.32,32.0,93.0,32.0,5.041280046759699,-7.514709998730307,-13.75136314067612,Medium,Low
I_21,Indiranagar,East,2025-09-01,13636,5631668,4.7,10268,7701,2567,35,18,High,Healthy,Prime location with strong dine-in demand,413.0,548.4678613167121,75.0,13.302566735112936,0.75,75.0,0.0026,0.26,0.25,25.0,93.48,25.0,2.5667351129363447,10.607821093872127,-2.6299152863826003,Low,Low
I_22,Indiranagar,East,2025-10-01,14126,5283124,4.5,10931,7542,3389,65,23,High,Healthy,Prime location with strong dine-in demand,374.0,483.3157076205288,68.99643216540116,18.504601444145543,0.69,69.0,0.0046,0.46,0.31,31.0,89.08,31.0,4.601444145547218,-6.189001198224043,-2.064666926373193,Medium,Low
I_23,Indiranagar,East,2025-11-01,13902,8307202,4.6,10589,7306,3283,60,19,High,Healthy,Prime location with strong dine-in demand,597.5544525967487,784.5124185475494,68.99612805741808,14.404315925766076,0.69,69.0,0.0043,0.43,0.31,31.0,91.14,31.0,4.315925766076823,57.24033734585825,-3.129143463272344,Medium,Low
I_24,Indiranagar,East,2025-12-01,14748,5530500,4.7,11604,8354,3250,79,20,High,Healthy,Prime location with strong dine-in demand,375.0,476.6028955532575,71.99241640813513,15.30535665852997,0.7199,71.99,0.0054,0.54,0.2801,28.01,92.92,28.01,5.356658529970165,-33.42523752281454,14.344374486723233,Low,Low
J_01,Jayanagar,South,2024-01-01,15500,5936500,4.7,11765,8235,3530,71,22,High,Healthy,Large seating capacity and fast service,383.0,504.5898852528687,69.99575010624734,17.30458064516129,0.7,70.0,0.0046,0.46,0.3,30.0,93.08,30.0,4.580645161290323,0.0,0.0,Low,Low
J_02,Jayanagar,South,2024-02-01,13631,5411507,4.7,11913,8696,3217,86,18,High,Healthy,Large seating capacity and fast service,397.0,454.2522454461513,72.99588684630235,13.306309148264988,0.73,73.0,0.0063,0.63,0.27,27.0,92.74,27.0,6.309148264984227,-8.843476796091975,5.5980570734669,Low,Low
J_03,Jayanagar,South,2024-03-01,13636,4649876,4.6,10914,7421,3493,51,20,High,Healthy,Large seating capacity and fast service,341.0,426.046912222833,67.99523547736852,15.403740099735993,0.68,68.0,0.0037,0.37,0.32,32.0,91.26,32.0,3.74009973599296,-14.074286515752457,-14.661913523459058,Medium,Low
J_04,Jayanagar,South,2024-04-01,13589,4864862,4.7,11264,7659,3605,66,18,High,Healthy,Large seating capacity and fast service,358.0,431.8947088068182,67.99538352272727,13.304856869526825,0.68,68.0,0.0049,0.49,0.32,32.0,93.02,32.0,4.856869526823165,4.623478131459846,3.207114944077616,Medium,Low
J_05,Jayanagar,South,2024-05-01,13076,5321932,4.6,9583,7187,2396,63,23,High,Healthy,Large seating capacity and fast service,407.0,555.3513513513514,74.99739121360743,18.40481798715204,0.75,75.0,0.0048,0.48,0.25,25.0,91.04,25.0,4.817987152034261,9.395333310585174,-6.162684423553988,Low,Low
J_06,Jayanagar,South,2024-06-01,12122,4957898,4.6,9501,6840,2661,72,25,High,Healthy,Large seating capacity and fast service,409.0,521.8290706241448,71.99242185033154,20.40593961392509,0.7199,71.99,0.0059,0.59,0.2801,28.01,90.82,28.01,5.939613925094869,-6.840260266384468,-4.828161959092803,Low,Medium
J_07,Jayanagar,South,2024-07-01,14799,6052791,4.7,12302,8611,3691,43,21,High,Healthy,Large seating capacity and fast service,409.0,492.0168265322712,69.99674849617948,16.302905601729847,0.7,70.0,0.0029,0.29,0.3,30.0,93.42,30.0,2.9056017298466115,22.083814552054125,25.891812865497062,Low,Low
J_08,Jayanagar,South,2024-08-01,13794,5600364,4.7,11718,8085,3633,63,20,High,Healthy,Large seating capacity and fast service,406.0,477.9283154121864,68.99641577060932,15.304567203131796,0.69,69.0,0.0046,0.46,0.31,31.0,93.08,31.0,4.567203131796433,-7.474683992888565,-6.108465915689232,Medium,Low
J_09,Jayanagar,South,2024-09-01,14911,5636358,4.5,12970,9727,3243,75,18,High,Healthy,Large seating capacity and fast service,378.0,434.5688511950655,74.99614494988435,13.50502984373952,0.75,75.0,0.005,0.5,0.25,25.0,89.0,25.0,5.029843739521159,0.642708223965438,20.30921459492887,Low,Low
J_10,Jayanagar,South,2024-10-01,14535,5377950,4.7,12505,9253,3252,59,19,High,Healthy,Large seating capacity and fast service,370.0,430.0639744102359,73.99440223910436,14.30405916752666,0.7399,73.99,0.0041,0.41,0.2601,26.01,93.18,26.01,4.059167526659786,-4.584662649178783,-4.8730338233782255,Low,Low
J_11,Jayanagar,South,2024-11-01,15679,6255921,4.6,11943,8957,2986,50,22,High,Healthy,Large seating capacity and fast service,399.0,523.8148706355187,74.99790672360378,17.403188978888963,0.75,75.0,0.0032,0.32,0.25,25.0,91.36,25.0,3.1889788889597552,16.325384207737148,-3.1989624986490828,Low,Low
J_12,Jayanagar,South,2024-12-01,17185,6375635,4.5,14113,10161,3952,46,22,High,Healthy,Large seating capacity and fast service,371.0,451.75618224332175,71.99744916034861,17.502676752982254,0.72,72.0,0.0027,0.27,0.28,28.0,89.46,28.0,2.676752982251964,1.913611121368053,13.442000669867138,Low,Low
J_13,Jayanagar,South,2025-01-01,16164,5528088,4.6,13852,10389,3463,53,25,High,Healthy,Large seating capacity and fast service,342.0,399.0822985850419,75.0,20.403278891363527,0.75,75.0,0.0033,0.33,0.25,25.0,91.34,25.0,3.27889136352388,-13.2935307620339,2.2438736344847943,Low,Medium
J_14,Jayanagar,South,2025-02-01,14101,5795511,4.7,11924,8346,3578,58,21,High,Healthy,Large seating capacity and fast service,411.0,486.0374874203288,69.99329084199934,16.304113183462167,0.6999,69.99,0.0041,0.41,0.3001,30.01,93.18,30.01,4.1131834621658045,4.837531529888817,-19.66503032053133,Medium,Low
J_15,Jayanagar,South,2025-03-01,12103,4405492,4.7,8723,6367,2356,69,25,High,Healthy,Large seating capacity and fast service,364.0,505.043219076006,72.99094348274676,20.30570106585144,0.7299,72.99,0.0057,0.57,0.2701,27.01,92.86,27.01,5.701065851441792,-23.98440793227724,-23.711957824107355,Low,Medium
J_16,Jayanagar,South,2025-04-01,13919,5832061,4.6,12236,8565,3671,36,23,High,Healthy,Large seating capacity and fast service,419.0,476.6313337692056,69.99836547891468,18.402586392700627,0.7,70.0,0.0026,0.26,0.3,30.0,91.48,30.0,2.5863927006250447,32.38160459717099,34.521752787812154,Low,Low
J_17,Jayanagar,South,2025-05-01,12160,4365440,4.5,9468,7101,2367,48,22,High,Healthy,Large seating capacity and fast service,359.0,461.0730882974229,75.0,17.503947368421052,0.75,75.0,0.0039,0.39,0.25,25.0,89.22,25.0,3.947368421052632,-25.14755932765449,-17.09281961471103,Low,Low
J_18,Jayanagar,South,2025-06-01,13415,5191605,4.8,9859,6704,3155,51,25,High,Healthy,Large seating capacity and fast service,387.0,526.5853534841261,67.99878283801603,20.20380171449869,0.68,68.0,0.0038,0.38,0.32,32.0,95.24,32.0,3.8017144986954894,18.92512553144701,-5.590761864526128,Medium,Medium
J_19,Jayanagar,South,2025-07-01,12469,4862910,4.6,10757,7852,2905,80,23,High,Healthy,Large seating capacity and fast service,390.0,452.0693501905736,72.99432927396114,18.40641591146042,0.7299,72.99,0.0064,0.64,0.2701,27.01,90.72,27.01,6.415911460421846,-6.331279055321037,17.124105011933178,Low,Low
J_20,Jayanagar,South,2025-08-01,14074,5671822,4.7,12079,8576,3503,64,18,High,Healthy,Large seating capacity and fast service,403.0,469.5605596489776,70.9992549052074,13.304547392354696,0.71,71.0,0.0045,0.45,0.29,29.0,93.1,29.0,4.547392354696604,16.634319779720364,9.220580743759555,Low,Low
J_21,Jayanagar,South,2025-09-01,12815,4562140,4.6,11266,7660,3606,69,25,High,Healthy,Large seating capacity and fast service,356.0,404.9476300372803,67.99218888691638,20.40538431525556,0.6799,67.99,0.0054,0.54,0.3201,32.01,90.92,32.01,5.3843152555598905,-19.564824142929737,-10.680970149253731,Medium,Medium
J_22,Jayanagar,South,2025-10-01,16335,6141960,4.8,14187,9930,4257,87,23,High,Healthy,Large seating capacity and fast service,376.0,432.9287375766546,69.99365616409389,18.205325987144167,0.6999,69.99,0.0053,0.53,0.3001,30.01,94.94,30.01,5.325987144168963,34.62892414524763,29.63446475195824,Medium,Low
J_23,Jayanagar,South,2025-11-01,16725,6723450,4.7,12860,9130,3730,65,20,High,Healthy,Large seating capacity and fast service,402.0,522.8188180404354,70.99533437013997,15.30388639760837,0.71,71.0,0.0039,0.39,0.29,29.0,93.22,29.0,3.8863976083707024,9.467498974268796,-8.0563947633434,Low,Low
J_24,Jayanagar,South,2025-12-01,17221,6268444,4.8,13486,9305,4181,37,25,High,Healthy,Large seating capacity and fast service,364.0,464.8112116268723,68.99747886697315,20.202148539573777,0.69,69.0,0.0021,0.21,0.31,31.0,95.58,31.0,2.1485395737762034,-6.767448259450138,1.91675794085433,Medium,Medium
KN_01,Kalyan Nagar,North-East,2024-01-01,5336,2086376,3.8,4414,1942,2472,183,39,Low,At Risk,Cloud kitchen limits visibility,391.0,472.6724059809696,43.99637516991391,35.23429535232384,0.44,44.0,0.0343,3.43,0.56,56.0,69.14,56.0,34.29535232383808,0.0,0.0,High,High
KN_02,Kalyan Nagar,North-East,2024-02-01,6192,2322000,3.9,5169,2532,2637,184,43,Low,At Risk,Cloud kitchen limits visibility,375.0,449.2164828787,48.984329657574,39.129715762273904,0.4898,48.98,0.0297,2.97,0.5102,51.02,72.06,51.02,29.71576227390181,11.293458130269896,30.381050463439752,High,High
KN_03,Kalyan Nagar,North-East,2024-03-01,4501,1863414,3.8,3329,1597,1732,153,45,Low,At Risk,Cloud kitchen limits visibility,414.0,559.7518774406728,47.97236407329528,41.23399244612309,0.4797,47.97,0.034,3.4,0.5203,52.03,69.2,52.03,33.99244612308376,-19.74961240310078,-36.92733017377567,High,High
KN_04,Kalyan Nagar,North-East,2024-04-01,5562,2119122,3.9,4169,1667,2502,220,43,Low,At Risk,Cloud kitchen limits visibility,381.0,508.30462940753176,39.98560805948669,39.13955411722402,0.3999,39.99,0.0396,3.96,0.6001,60.01,70.08,60.01,39.55411722402013,13.72255440819914,4.383218534752653,High,High
KN_05,Kalyan Nagar,North-East,2024-05-01,5451,2142243,4.0,4404,2025,2379,217,41,Low,At Risk,Cloud kitchen limits visibility,393.0,486.4311989100817,45.98092643051771,37.039809209319394,0.4598,45.98,0.0398,3.98,0.5402,54.02,72.04,54.02,39.80920931939094,1.0910650731765337,21.475704859028188,Medium,High
KN_06,Kalyan Nagar,North-East,2024-06-01,5899,2129539,3.9,5020,2309,2711,196,46,Low,At Risk,Cloud kitchen limits visibility,361.0,424.2109561752988,45.99601593625498,42.133225970503474,0.46,46.0,0.0332,3.32,0.54,54.0,71.36,54.0,33.22597050347517,-0.593023293809336,14.024691358024688,High,High
KN_07,Kalyan Nagar,North-East,2024-07-01,5743,2188083,3.8,4961,2331,2630,158,45,Low,At Risk,Cloud kitchen limits visibility,381.0,441.0568433783511,46.98649465833501,41.227511753438975,0.4699,46.99,0.0275,2.75,0.5301,53.01,70.5,53.01,27.51175343896918,2.749139602514905,0.9527934170636688,High,High
KN_08,Kalyan Nagar,North-East,2024-08-01,5219,2030191,3.9,4368,1878,2490,240,40,Low,At Risk,Cloud kitchen limits visibility,389.0,464.7873168498169,42.994505494505496,36.14598582103852,0.4299,42.99,0.046,4.6,0.5701,57.01,68.8,57.01,45.98582103851312,-7.2159968337581315,-19.433719433719432,High,High
KN_09,Kalyan Nagar,North-East,2024-09-01,4645,1895160,3.9,3469,1595,1874,223,36,Low,At Risk,Cloud kitchen limits visibility,408.0,546.313058518305,45.9786682040934,32.14800861141012,0.4598,45.98,0.048,4.8,0.5402,54.02,68.4,54.02,48.008611410118405,-6.651147601383323,-15.069222577209796,High,Medium
KN_10,Kalyan Nagar,North-East,2024-10-01,5729,2068169,4.0,4146,1824,2322,182,42,Low,At Risk,Cloud kitchen limits visibility,361.0,498.83478051133625,43.99421128798842,38.031768196893,0.4399,43.99,0.0318,3.18,0.5601,56.01,73.64,56.01,31.768196893000525,9.12899174739863,14.357366771159883,Medium,High
KN_11,Kalyan Nagar,North-East,2024-11-01,8010,3300120,3.9,6268,3071,3197,181,46,Low,At Risk,Cloud kitchen limits visibility,412.0,526.5028717294193,48.99489470325463,42.12259675405743,0.4899,48.99,0.0226,2.26,0.5101,51.01,73.48,51.01,22.59675405742821,59.56723072437504,68.36622807017542,High,High
KN_12,Kalyan Nagar,North-East,2024-12-01,5681,2028117,3.8,4457,2050,2407,151,38,Low,At Risk,Cloud kitchen limits visibility,357.0,455.040834642136,45.99506394435719,34.226579827495165,0.46,46.0,0.0266,2.66,0.54,54.0,70.68,54.0,26.579827495159304,-38.54414384931457,-33.246499511559755,High,Medium
KN_13,Kalyan Nagar,North-East,2025-01-01,6322,2408682,3.8,5467,2350,3117,195,38,Low,At Risk,Cloud kitchen limits visibility,381.0,440.5856959941467,42.98518383025425,34.23084466940842,0.4299,42.99,0.0308,3.08,0.5701,57.01,69.84,57.01,30.84466940841505,18.764449979956787,14.634146341463406,High,Medium
KN_14,Kalyan Nagar,North-East,2025-02-01,5505,1882710,3.8,4316,1855,2461,250,36,Low,At Risk,Cloud kitchen limits visibility,342.0,436.21640407784986,42.97961075069509,32.24541326067212,0.4298,42.98,0.0454,4.54,0.5702,57.02,66.92,57.02,45.41326067211626,-21.83650643796068,-21.063829787234045,High,Medium
KN_15,Kalyan Nagar,North-East,2025-03-01,5876,2068352,3.8,4718,2028,2690,190,42,Low,At Risk,Cloud kitchen limits visibility,352.0,438.39593047901656,42.98431538787622,38.232334921715456,0.4298,42.98,0.0323,3.23,0.5702,57.02,69.54,57.02,32.33492171545269,9.860360862798846,9.32614555256064,High,High
KN_16,Kalyan Nagar,North-East,2025-04-01,5455,2242005,3.9,4495,2112,2383,176,40,Low,At Risk,Cloud kitchen limits visibility,411.0,498.7775305895439,46.98553948832036,36.13226397800184,0.4699,46.99,0.0323,3.23,0.5301,53.01,71.54,53.01,32.26397800183318,8.395717943560864,4.142011834319526,High,High
KN_17,Kalyan Nagar,North-East,2025-05-01,6928,2653424,3.8,5721,2345,3376,235,41,Low,At Risk,Cloud kitchen limits visibility,383.0,463.8042300297151,40.98933752840412,37.23392032332564,0.4099,40.99,0.0339,3.39,0.5901,59.01,69.22,59.01,33.9203233256351,18.350494312010905,11.032196969696972,High,High
KN_18,Kalyan Nagar,North-East,2025-06-01,5732,2069252,4.0,4642,2181,2461,236,39,Low,At Risk,Cloud kitchen limits visibility,361.0,445.76734166307625,46.984058595433005,35.041172365666434,0.4698,46.98,0.0412,4.12,0.5302,53.02,71.76,53.02,41.17236566643405,-22.015780365294045,-6.99360341151386,Medium,High
KN_19,Kalyan Nagar,North-East,2025-07-01,7000,2933000,3.8,5498,2529,2969,180,44,Low,At Risk,Cloud kitchen limits visibility,419.0,533.4667151691524,45.998544925427424,40.22571428571429,0.46,46.0,0.0257,2.57,0.54,54.0,70.86,54.0,25.714285714285715,41.74204011884488,15.955983493810177,High,High
KN_20,Kalyan Nagar,North-East,2025-08-01,5132,1755144,3.9,4456,2094,2362,161,36,Low,At Risk,Cloud kitchen limits visibility,342.0,393.8833034111311,46.992818671454216,32.13137178487919,0.4699,46.99,0.0314,3.14,0.5301,53.01,71.72,53.01,31.3717848791894,-40.15874531196727,-17.200474495848162,High,Medium
KN_21,Kalyan Nagar,North-East,2025-09-01,4736,1913344,3.7,4047,1780,2267,253,41,Low,At Risk,Cloud kitchen limits visibility,404.0,472.78082530269336,43.98319743019521,37.3534206081081,0.4398,43.98,0.0534,5.34,0.5602,56.02,63.32,56.02,53.420608108108105,9.013505444567516,-14.99522445081184,High,High
KN_22,Kalyan Nagar,North-East,2025-10-01,5345,1982995,3.7,3957,1859,2098,171,37,Low,At Risk,Cloud kitchen limits visibility,371.0,501.1359615870609,46.98003538033864,33.331992516370434,0.4698,46.98,0.032,3.2,0.5302,53.02,67.6,53.02,31.992516370439663,3.640275873026488,4.438202247191003,High,Medium
KN_23,Kalyan Nagar,North-East,2025-11-01,6926,2507212,3.9,5278,2111,3167,163,39,Low,At Risk,Cloud kitchen limits visibility,362.0,475.0306934444865,39.996210685865854,35.12353450765232,0.4,40.0,0.0235,2.35,0.6,60.0,73.3,60.0,23.53450765232457,26.43561884926589,13.555675094136642,High,High
KN_24,Kalyan Nagar,North-East,2025-12-01,7016,2890592,3.8,5623,2699,2924,151,46,Low,At Risk,Cloud kitchen limits visibility,412.0,514.0658011737506,47.99928863595945,42.22152223489168,0.48,48.0,0.0215,2.15,0.52,52.0,71.7,52.0,21.522234891676167,15.291088268562849,27.85409758408337,High,High
K_01,Kanakapura Road,South,2024-01-01,10373,3599431,4.2,8529,4861,3668,95,34,Medium,Stable,Growing customer base,347.0,422.0226286786259,56.99378590690585,29.80915839197917,0.5699,56.99,0.0092,0.92,0.4301,43.01,82.16,43.01,9.15839197917671,0.0,0.0,Medium,Medium
K_02,Kanakapura Road,South,2024-02-01,10652,4377972,4.3,8094,4856,3238,133,34,Medium,Stable,Growing customer base,411.0,540.8910303928836,59.99505806770448,29.712485918137435,0.6,60.0,0.0125,1.25,0.4,40.0,83.5,40.0,12.48591813743898,21.629557560625543,-0.1028594939312843,Medium,Medium
K_03,Kanakapura Road,South,2024-03-01,8612,3143380,4.3,6254,3940,2314,138,28,Medium,Stable,Growing customer base,365.0,502.6191237607931,62.999680204669005,23.716024152345565,0.63,63.0,0.016,1.6,0.37,37.0,82.8,37.0,16.02415234556433,-28.200088990975736,-18.86326194398682,Medium,Medium
K_04,Kanakapura Road,South,2024-04-01,8277,2863842,4.3,6004,3842,2162,96,33,Medium,Stable,Growing customer base,346.0,476.9890073284477,63.9906728847435,28.71159840521928,0.6399,63.99,0.0116,1.16,0.3601,36.01,83.68,36.01,11.598405219282348,-8.892911452003894,-2.487309644670055,Medium,Medium
K_05,Kanakapura Road,South,2024-05-01,8128,3234944,4.3,7080,4389,2691,130,34,Medium,Stable,Growing customer base,398.0,456.9129943502825,61.99152542372881,29.71599409448819,0.6199,61.99,0.016,1.6,0.3801,38.01,82.8,38.01,15.994094488188976,12.958186939083928,14.237376366475797,Medium,Medium
K_06,Kanakapura Road,South,2024-06-01,10141,3620337,4.3,8149,4644,3505,131,33,Medium,Stable,Growing customer base,357.0,444.2676402012517,56.98858755675544,28.712917858199383,0.5699,56.99,0.0129,1.29,0.4301,43.01,83.42,43.01,12.917858199388622,11.91343652316701,5.809979494190021,Medium,Medium
K_07,Kanakapura Road,South,2024-07-01,8114,3237486,4.1,6466,3685,2781,110,34,Medium,Stable,Growing customer base,399.0,500.6937828642128,56.99041138261677,29.913556815380822,0.5699,56.99,0.0136,1.36,0.4301,43.01,79.28,43.01,13.556815380823268,-10.575010005974583,-20.65030146425495,Medium,Medium
K_08,Kanakapura Road,South,2024-08-01,7630,2884140,4.3,5878,3585,2293,119,28,Medium,Stable,Growing customer base,378.0,490.6668935011909,60.99013269819666,23.71559633027523,0.6099,60.99,0.0156,1.56,0.3901,39.01,82.88,39.01,15.59633027522936,-10.914209358743175,-2.7137042062415184,Medium,Medium
K_09,Kanakapura Road,South,2024-09-01,10044,3736368,4.3,8655,4846,3809,101,27,Medium,Stable,Growing customer base,372.0,431.7005199306759,55.99075678798382,22.71005575467941,0.5599,55.99,0.0101,1.01,0.4401,44.01,83.98,44.01,10.055754679410594,29.54877363789552,35.17433751743375,Medium,Medium
K_10,Kanakapura Road,South,2024-10-01,10291,3920871,4.4,9040,5152,3888,81,33,Medium,Stable,Growing customer base,381.0,433.7246681415929,56.99115044247788,28.60787095520358,0.5699,56.99,0.0079,0.79,0.4301,43.01,86.42,43.01,7.87095520357594,4.938030729307186,6.314486174164258,Medium,Medium
K_11,Kanakapura Road,South,2024-11-01,8912,3368736,4.4,6430,3665,2765,92,28,Medium,Stable,Growing customer base,378.0,523.9091757387247,56.998444790046655,23.61032315978456,0.57,57.0,0.0103,1.03,0.43,43.0,85.94,43.0,10.323159784560143,-14.081947608069733,-28.86257763975156,Medium,Medium
K_12,Kanakapura Road,South,2024-12-01,8657,3428172,4.3,7037,4151,2886,108,32,Medium,Stable,Growing customer base,396.0,487.16384823078016,58.98820520108,27.71247545339032,0.5899,58.99,0.0125,1.25,0.4101,41.01,83.5,41.01,12.475453390319972,1.764341284089932,13.260572987721698,Medium,Medium
K_13,Kanakapura Road,South,2025-01-01,10661,3667384,4.4,8924,5622,3302,89,32,Medium,Stable,Growing customer base,344.0,410.9574181981174,62.9986553115195,27.608348184973263,0.63,63.0,0.0083,0.83,0.37,37.0,86.34,37.0,8.348184973267049,6.977829583813189,35.43724403758131,Medium,Medium
K_14,Kanakapura Road,South,2025-02-01,9550,3886850,4.2,7969,4462,3507,135,32,Medium,Stable,Growing customer base,407.0,487.7462667837872,55.99196887940771,27.814136125654453,0.5599,55.99,0.0141,1.41,0.4401,44.01,81.18,44.01,14.136125654450264,5.984265623670715,-20.633226609747425,Medium,Medium
K_15,Kanakapura Road,South,2025-03-01,7792,2758368,4.1,6089,3836,2253,80,31,Medium,Stable,Growing customer base,354.0,453.0083757595664,62.99885038594186,26.91026694045175,0.63,63.0,0.0103,1.03,0.37,37.0,79.94,37.0,10.26694045174538,-29.03333033175965,-14.029583146571046,Medium,Medium
K_16,Kanakapura Road,South,2025-04-01,10915,4366000,4.1,8311,4903,3408,138,28,Medium,Stable,Growing customer base,400.0,525.3278787149561,58.994104199254,23.91264315162621,0.5899,58.99,0.0126,1.26,0.4101,41.01,79.48,41.01,12.643151626202474,58.281998631074615,27.81543274244005,Medium,Medium
K_17,Kanakapura Road,South,2025-05-01,10951,3832850,4.2,9468,5870,3598,135,33,Medium,Stable,Growing customer base,350.0,404.8215040135193,61.998310097169416,28.81232764131129,0.62,62.0,0.0123,1.23,0.38,38.0,81.54,38.0,12.327641311295771,-12.211406321575812,19.722618804813383,Medium,Medium
K_18,Kanakapura Road,South,2025-06-01,9773,3508507,4.2,8346,5174,3172,131,30,Medium,Stable,Growing customer base,359.0,420.3818595734484,61.99376947040498,25.813404277089944,0.6199,61.99,0.0134,1.34,0.3801,38.01,81.32,38.01,13.404277089941676,-8.462188710750485,-11.856899488926745,Medium,Medium
K_19,Kanakapura Road,South,2025-07-01,8833,3497868,4.3,6671,4269,2402,124,32,Medium,Stable,Growing customer base,396.0,524.3393794033879,63.99340428721331,27.71403826559493,0.6399,63.99,0.014,1.4,0.3601,36.01,83.2,36.01,14.03826559492811,-0.3032343957130479,-17.49130266718206,Medium,Medium
K_20,Kanakapura Road,South,2025-08-01,10300,3543200,4.4,8453,4987,3466,135,32,Medium,Stable,Growing customer base,344.0,419.164793564415,58.99680586773927,27.613106796116504,0.59,59.0,0.0131,1.31,0.41,41.0,85.38,41.0,13.106796116504857,1.2959894427119645,16.81892714921527,Medium,Medium
K_21,Kanakapura Road,South,2025-09-01,8226,3290400,4.4,6265,4009,2256,114,30,Medium,Stable,Growing customer base,400.0,525.2035115722266,63.99042298483639,25.61385849744712,0.6399,63.99,0.0139,1.39,0.3601,36.01,85.22,36.01,13.858497447118893,-7.134793407089635,-19.61098857028274,Medium,Medium
K_22,Kanakapura Road,South,2025-10-01,11460,4251660,4.3,9100,5187,3913,96,34,Medium,Stable,Growing customer base,371.0,467.2153846153846,56.99999999999999,29.708376963350783,0.57,57.0,0.0084,0.84,0.43,43.0,84.32,43.0,8.376963350785342,29.214077315827858,29.383886255924164,Medium,Medium
K_23,Kanakapura Road,South,2025-11-01,9522,3875454,4.2,7739,4875,2864,126,27,Medium,Stable,Growing customer base,407.0,500.7693500452255,62.99263470732652,22.81323251417769,0.6299,62.99,0.0132,1.32,0.3701,37.01,81.36,37.01,13.232514177693762,-8.848449781967515,-6.015037593984962,Medium,Medium
K_24,Kanakapura Road,South,2025-12-01,10108,4103848,4.4,8823,5558,3265,82,29,Medium,Stable,Growing customer base,406.0,465.1306811742038,62.99444633344668,24.608112386228733,0.6299,62.99,0.0081,0.81,0.3701,37.01,86.38,37.01,8.112386228729719,5.893348237393603,14.010256410256416,Medium,Medium
K_01,Koramangala,South,2024-01-01,14788,6122232,4.6,11733,8447,3286,42,22,High,Healthy,"Authentic taste, flagship outlet, huge footfall",414.0,521.7959601125032,71.99352254325407,17.402840140654583,0.7199,71.99,0.0028,0.28,0.2801,28.01,91.44,28.01,2.8401406545847983,0.0,0.0,Low,Low
K_02,Koramangala,South,2024-02-01,14919,5505111,4.7,11248,7761,3487,56,22,High,Healthy,"Authentic taste, flagship outlet, huge footfall",369.0,489.43020981507823,68.99893314366999,17.30375360278839,0.69,69.0,0.0038,0.38,0.31,31.0,93.24,31.0,3.753602788390643,-10.080000235208333,-8.121226470936428,Medium,Low
K_03,Koramangala,South,2024-03-01,13215,4770615,4.8,9529,6575,2954,67,21,High,Healthy,"Authentic taste, flagship outlet, huge footfall",361.0,500.6417252597335,68.99989505719383,16.20506999621642,0.69,69.0,0.0051,0.51,0.31,31.0,94.98,31.0,5.069996216420734,-13.342074301499096,-15.281535884550957,Medium,Low
K_04,Koramangala,South,2024-04-01,14904,5946696,4.6,11604,8238,3366,76,25,High,Healthy,"Authentic taste, flagship outlet, huge footfall",399.0,512.4694932781799,70.99276111685626,20.40509930220076,0.7099,70.99,0.0051,0.51,0.2901,29.01,90.98,29.01,5.0993022007514766,24.65260768265727,25.292775665399247,Low,Medium
K_05,Koramangala,South,2024-05-01,12189,4912167,4.5,9686,7167,2519,85,22,High,Healthy,"Authentic taste, flagship outlet, huge footfall",403.0,507.1409250464588,73.99339252529424,17.50697350069735,0.7399,73.99,0.007,0.7,0.2601,26.01,88.6,26.01,6.97350069735007,-17.39670230326218,-13.000728332119447,Low,Low
K_06,Koramangala,South,2024-06-01,12646,5045754,4.6,10244,7273,2971,73,19,High,Healthy,"Authentic taste, flagship outlet, huge footfall",399.0,492.5570089808669,70.99765716516985,14.405772576308715,0.71,71.0,0.0058,0.58,0.29,29.0,90.84,29.0,5.772576308714218,2.7195125898610506,1.4790009766987522,Low,Low
K_07,Koramangala,South,2024-07-01,14041,5602359,4.7,10383,7371,3012,87,19,High,Healthy,"Authentic taste, flagship outlet, huge footfall",399.0,539.570355388616,70.99104305114129,14.30619613987608,0.7099,70.99,0.0062,0.62,0.2901,29.01,92.76,29.01,6.196139876077202,11.031156096789507,1.347449470644846,Low,Low
K_08,Koramangala,South,2024-08-01,14556,5458500,4.7,10904,7414,3490,69,23,High,Healthy,"Authentic taste, flagship outlet, huge footfall",375.0,500.5961115187087,67.993396918562,18.30474031327288,0.6799,67.99,0.0047,0.47,0.3201,32.01,93.06,32.01,4.740313272877164,-2.567829016312595,0.5833672500339171,Medium,Low
K_09,Koramangala,South,2024-09-01,13021,5234442,4.7,11129,8124,3005,76,21,High,Healthy,"Authentic taste, flagship outlet, huge footfall",402.0,470.3425285290682,72.99847245934046,16.305836725289918,0.73,73.0,0.0058,0.58,0.27,27.0,92.84,27.0,5.836725289916289,-4.104754053311355,9.576476935527388,Low,Low
K_10,Koramangala,South,2024-10-01,15615,6043005,4.8,12058,8922,3136,70,23,High,Healthy,"Authentic taste, flagship outlet, huge footfall",387.0,501.1614695637751,73.99237021064853,18.204482869036184,0.7399,73.99,0.0045,0.45,0.2601,26.01,95.1,26.01,4.482869036183158,15.446976010050362,9.82274741506648,Low,Low
K_11,Koramangala,South,2024-11-01,15266,5984272,4.7,12424,9318,3106,74,22,High,Healthy,"Authentic taste, flagship outlet, huge footfall",392.0,481.6703155183516,75.0,17.30484737324774,0.75,75.0,0.0048,0.48,0.25,25.0,93.04,25.0,4.847373247740076,-0.9719171173944052,4.438466711499656,Low,Low
K_12,Koramangala,South,2024-12-01,16403,5806662,4.6,12243,8814,3429,79,18,High,Healthy,"Authentic taste, flagship outlet, huge footfall",354.0,474.28424405782897,71.99215878461162,13.404816192159972,0.7199,71.99,0.0048,0.48,0.2801,28.01,91.04,28.01,4.816192159970737,-2.967946644136499,-5.408886027044435,Low,Low
K_13,Koramangala,South,2025-01-01,16753,6734706,4.7,14247,10685,3562,63,25,High,Healthy,"Authentic taste, flagship outlet, huge footfall",402.0,472.7104653611287,74.9982452446129,20.30376052050379,0.75,75.0,0.0038,0.38,0.25,25.0,93.24,25.0,3.760520503790366,15.982400904340576,21.22759246653052,Low,Medium
K_14,Koramangala,South,2025-02-01,14640,5036160,4.7,12710,8897,3813,69,18,High,Healthy,"Authentic taste, flagship outlet, huge footfall",344.0,396.2360346184107,70.0,13.304713114754096,0.7,70.0,0.0047,0.47,0.3,30.0,93.06,30.0,4.713114754098361,-25.220789148034083,-16.733738886289196,Low,Low
K_15,Koramangala,South,2025-03-01,14088,5410516,4.8,10358,7354,3004,43,25,High,Healthy,"Authentic taste, flagship outlet, huge footfall",384.0513912549688,522.3514191928944,70.9982622127824,20.203052243043725,0.71,71.0,0.0031,0.31,0.29,29.0,95.38,29.0,3.052243043725156,7.433361926547199,-17.34292458131954,Low,Medium
K_16,Koramangala,South,2025-04-01,12502,4788266,4.6,10276,7193,3083,58,22,High,Healthy,"Authentic taste, flagship outlet, huge footfall",383.0,465.9659400544959,69.99805371739977,17.404639257718763,0.7,70.0,0.0046,0.46,0.3,30.0,91.08,30.0,4.639257718764998,-11.500751499487292,-2.189284742997011,Low,Low
K_17,Koramangala,South,2025-05-01,13570,4640940,4.7,11422,8338,3084,71,24,High,Healthy,"Authentic taste, flagship outlet, huge footfall",342.0,406.3158816319384,72.99947469795131,19.305232129697863,0.73,73.0,0.0052,0.52,0.27,27.0,92.96,27.0,5.232129697862932,-3.076813192917849,15.918253857917431,Low,Medium
K_18,Koramangala,South,2025-06-01,12502,5225836,4.7,9856,6702,3154,73,20,High,Healthy,"Authentic taste, flagship outlet, huge footfall",418.0,530.21875,67.99918831168831,15.30583906574948,0.68,68.0,0.0058,0.58,0.32,32.0,92.84,32.0,5.839065749480083,12.602964054695809,-19.62101223314944,Medium,Low
K_19,Koramangala,South,2025-07-01,14939,5841149,4.5,12102,8229,3873,66,24,High,Healthy,"Authentic taste, flagship outlet, huge footfall",391.0,482.6598082961494,67.99702528507684,19.50441796639668,0.68,68.0,0.0044,0.44,0.32,32.0,89.12,32.0,4.417966396679831,11.774441448219951,22.78424350940018,Medium,Medium
K_20,Koramangala,South,2025-08-01,13923,4928742,4.8,11707,8429,3278,57,24,High,Healthy,"Authentic taste, flagship outlet, huge footfall",354.0,421.00811480310927,71.9996583240796,19.20409394527041,0.72,72.0,0.0041,0.41,0.28,28.0,95.18,28.0,4.093945270415859,-15.620334286969904,2.4304289707133275,Low,Low
K_21,Koramangala,South,2025-09-01,13059,5410516,4.8,11345,7941,3404,41,22,High,Healthy,"Authentic taste, flagship outlet, huge footfall",414.3131939658473,476.9075363596298,69.99559277214632,17.20313959721265,0.7,70.0,0.0031,0.31,0.3,30.0,95.38,30.0,3.13959721265028,9.77478634507547,-5.789536125281769,Low,Low
K_22,Koramangala,South,2025-10-01,16794,6163398,4.6,12678,9001,3677,87,23,High,Healthy,"Authentic taste, flagship outlet, huge footfall",367.0,486.14907714150496,70.99700268181101,18.40518042157914,0.71,71.0,0.0052,0.52,0.29,29.0,90.96,29.0,5.180421579135405,13.915160772096424,13.348444780254386,Low,Low
K_23,Koramangala,South,2025-11-01,15367,6162167,4.8,11334,7820,3514,45,25,High,Healthy,"Authentic taste, flagship outlet, huge footfall",401.0,543.6886359625904,68.99594141521086,20.202928352964143,0.69,69.0,0.0029,0.29,0.31,31.0,95.42,31.0,2.928352964143945,-0.0199727487986356,-13.120764359515611,Medium,Medium
K_24,Koramangala,South,2025-12-01,15409,5269878,4.7,11111,7555,3556,86,22,High,Healthy,"Authentic taste, flagship outlet, huge footfall",342.0,474.29376293762937,67.99567995679958,17.305581153871113,0.68,68.0,0.0056,0.56,0.32,32.0,92.88,32.0,5.581153871114284,-14.480117140609794,-3.3887468030690537,Medium,Low
M_01,Mahadevapura,East,2024-01-01,5520,2241120,3.8,4364,2138,2226,180,46,Low,At Risk,Delivery delays and customer complaints,406.0,513.5472043996334,48.99175068744272,42.232608695652175,0.4899,48.99,0.0326,3.26,0.5101,51.01,69.48,51.01,32.608695652173914,0.0,0.0,High,High
M_02,Mahadevapura,East,2024-02-01,6493,2233592,3.8,4933,1973,2960,225,44,Low,At Risk,Delivery delays and customer complaints,344.0,452.7857287654571,39.99594567200487,40.23465270291083,0.4,40.0,0.0347,3.47,0.6,60.0,69.06,60.0,34.652702910827045,-0.3359034768330105,-7.717492984097285,High,High
M_03,Mahadevapura,East,2024-03-01,6206,2277602,4.0,4504,1936,2568,206,41,Low,At Risk,Delivery delays and customer complaints,367.0,505.6842806394316,42.98401420959148,37.03319368353207,0.4298,42.98,0.0332,3.32,0.5702,57.02,73.36,57.02,33.19368353206574,1.970368805045864,-1.8753167764825165,Medium,High
M_04,Mahadevapura,East,2024-04-01,6456,2472648,3.8,5109,2043,3066,225,40,Low,At Risk,Delivery delays and customer complaints,383.0,483.9788608338227,39.988256018790366,36.23485130111524,0.3999,39.99,0.0349,3.49,0.6001,60.01,69.02,60.01,34.85130111524164,8.563655985549712,5.526859504132231,High,High
M_05,Mahadevapura,East,2024-05-01,5890,2456130,4.0,4294,1846,2448,257,46,Low,At Risk,Delivery delays and customer complaints,417.0,571.9911504424779,42.99021891010712,42.04363327674024,0.4299,42.99,0.0436,4.36,0.5701,57.01,71.28,57.01,43.63327674023769,-0.6680287691576026,-9.642682329907004,Medium,High
M_06,Mahadevapura,East,2024-06-01,5816,2175184,4.0,4608,2119,2489,178,36,Low,At Risk,Delivery delays and customer complaints,374.0,472.0451388888889,45.98524305555556,32.03060522696011,0.4599,45.99,0.0306,3.06,0.5401,54.01,73.88,54.01,30.60522696011004,-11.438563919662236,14.7887323943662,Medium,Medium
M_07,Mahadevapura,East,2024-07-01,5582,2003938,3.8,4900,2401,2499,200,47,Low,At Risk,Delivery delays and customer complaints,359.0,408.9669387755102,49.0,43.23582945180939,0.49,49.0,0.0358,3.58,0.51,51.0,68.84,51.0,35.82945180938732,-7.872713296898103,13.308164228409636,High,High
M_08,Mahadevapura,East,2024-08-01,5739,2111952,3.9,4929,2020,2909,247,44,Low,At Risk,Delivery delays and customer complaints,368.0,428.4747413268411,40.981943599107325,40.14303885694372,0.4098,40.98,0.043,4.3,0.5902,59.02,69.4,59.02,43.038856943718415,5.390086918856762,-15.868388171595171,High,High
M_09,Mahadevapura,East,2024-09-01,5746,2200718,3.8,4626,2127,2499,192,37,Low,At Risk,Delivery delays and customer complaints,383.0,475.7280587980977,45.97924773022049,33.233414549251656,0.4598,45.98,0.0334,3.34,0.5402,54.02,69.32,54.02,33.41454925165333,4.20303112949536,5.297029702970302,High,Medium
M_10,Mahadevapura,East,2024-10-01,7702,2672594,3.7,6740,2763,3977,194,39,Low,At Risk,Delivery delays and customer complaints,347.0,396.5272997032641,40.99406528189911,35.325188262788885,0.4099,40.99,0.0252,2.52,0.5901,59.01,68.96,59.01,25.188262788886004,21.441911230789223,29.90126939351199,High,High
M_11,Mahadevapura,East,2024-11-01,5322,2054292,3.9,4421,1945,2476,178,41,Low,At Risk,Delivery delays and customer complaints,386.0,464.6668174621127,43.99457136394481,37.13344607290493,0.4399,43.99,0.0334,3.34,0.5601,56.01,71.32,56.01,33.446072904922964,-23.13490189680887,-29.60550126673905,High,High
M_12,Mahadevapura,East,2024-12-01,7886,2807416,4.0,6726,2757,3969,192,45,Low,At Risk,Delivery delays and customer complaints,356.0,417.3975617008623,40.99018733273863,41.02434694395131,0.4099,40.99,0.0243,2.43,0.5901,59.01,75.14,59.01,24.34694395130612,36.661000480944296,41.74807197943444,Medium,High
M_13,Mahadevapura,East,2025-01-01,5522,2125970,3.9,4787,2249,2538,225,46,Low,At Risk,Delivery delays and customer complaints,385.0,444.11322331313977,46.981407979945686,42.14074610648316,0.4698,46.98,0.0407,4.07,0.5302,53.02,69.86,53.02,40.74610648315827,-24.273068187970715,-18.425825172288725,High,High
M_14,Mahadevapura,East,2025-02-01,5810,2329810,3.9,4794,2301,2493,202,40,Low,At Risk,Delivery delays and customer complaints,401.0,485.9845640383813,47.99749687108886,36.13476764199656,0.48,48.0,0.0348,3.48,0.52,52.0,71.04,52.0,34.76764199655766,9.588093905370254,2.3121387283236983,High,High
M_15,Mahadevapura,East,2025-03-01,5509,2093420,3.9,4842,1936,2906,212,44,Low,At Risk,Delivery delays and customer complaints,380.0,432.3461379595208,39.98347790169351,40.138482483209295,0.3998,39.98,0.0385,3.85,0.6002,60.02,70.3,60.02,38.48248320929389,-10.146320944626384,-15.86266840504129,High,High
M_16,Mahadevapura,East,2025-04-01,4988,1785704,3.7,4236,1821,2415,247,41,Low,At Risk,Delivery delays and customer complaints,358.0,421.55429650613786,42.98866855524079,37.34951884522855,0.4299,42.99,0.0495,4.95,0.5701,57.01,64.1,57.01,49.51884522854852,-14.6992003515778,-5.940082644628097,High,High
M_17,Mahadevapura,East,2025-05-01,6944,2728992,3.9,5720,2288,3432,232,46,Low,At Risk,Delivery delays and customer complaints,393.0,477.0965034965035,40.0,42.13341013824885,0.4,40.0,0.0334,3.34,0.6,60.0,71.32,60.0,33.41013824884793,52.82443226872986,25.645249862712795,High,High
M_18,Mahadevapura,East,2025-06-01,5210,1938120,3.9,3949,1895,2054,168,47,Low,At Risk,Delivery delays and customer complaints,372.0,490.7875411496581,47.98683210939478,43.13224568138196,0.4799,47.99,0.0322,3.22,0.5201,52.01,71.56,52.01,32.24568138195777,-28.980370774263907,-17.176573426573427,High,High
M_19,Mahadevapura,East,2025-07-01,6838,2810418,3.8,5654,2374,3280,239,46,Low,At Risk,Delivery delays and customer complaints,411.0,497.0672090555359,41.98797311637779,42.23495174027494,0.4199,41.99,0.035,3.5,0.5801,58.01,69.0,58.01,34.95174027493419,45.00742988050275,25.277044854881268,High,High
M_20,Mahadevapura,East,2025-08-01,5461,2244471,3.8,4385,2148,2237,152,40,Low,At Risk,Delivery delays and customer complaints,411.0,511.8519954389966,48.98517673888255,36.22783373008607,0.4899,48.99,0.0278,2.78,0.5101,51.01,70.44,51.01,27.833730086064826,-20.137467095642,-9.519797809604048,High,High
M_21,Mahadevapura,East,2025-09-01,6447,2494989,3.7,5240,2305,2935,175,44,Low,At Risk,Delivery delays and customer complaints,387.0,476.1429389312977,43.98854961832061,40.3271444082519,0.4399,43.99,0.0271,2.71,0.5601,56.01,68.58,56.01,27.14440825190011,11.161561009253408,7.309124767225317,High,High
M_22,Mahadevapura,East,2025-10-01,7202,2772770,3.9,6012,2705,3307,197,42,Low,At Risk,Delivery delays and customer complaints,385.0,461.20592149035264,44.993346640053225,38.12735351291308,0.4499,44.99,0.0274,2.74,0.5501,55.01,72.52,55.01,27.353512913079697,11.133556099846542,17.353579175704994,High,High
M_23,Mahadevapura,East,2025-11-01,6198,2596962,3.9,5104,2347,2757,170,42,Low,At Risk,Delivery delays and customer complaints,419.0,508.8091692789969,45.98354231974922,38.127428202646016,0.4598,45.98,0.0274,2.74,0.5402,54.02,72.52,54.02,27.42820264601485,-6.34051868708908,-13.234750462107217,High,High
M_24,Mahadevapura,East,2025-12-01,6494,2298876,4.0,4880,2049,2831,185,46,Low,At Risk,Delivery delays and customer complaints,354.0,471.0811475409836,41.98770491803279,42.02848783492455,0.4199,41.99,0.0285,2.85,0.5801,58.01,74.3,58.01,28.487834924545734,-11.478258056914193,-12.697060076693656,Medium,High
M_01,Marathahalli,East ORR,2024-01-01,12447,4804542,4.4,10792,6367,4425,130,34,Medium,Stable,Strong sales but crowd-related delays,386.0,445.1947739065975,58.99740548554485,29.61044428376316,0.59,59.0,0.0104,1.04,0.41,41.0,85.92,41.0,10.44428376315578,0.0,0.0,Medium,Medium
M_02,Marathahalli,East ORR,2024-02-01,7509,2793348,4.4,6340,3740,2600,129,29,Medium,Stable,Strong sales but crowd-related delays,372.0,440.591167192429,58.99053627760252,24.617179384738314,0.5899,58.99,0.0172,1.72,0.4101,41.01,84.56,41.01,17.179384738314024,-41.86026472450444,-41.259619915187685,Medium,Medium
M_03,Marathahalli,East ORR,2024-03-01,9693,3537945,4.4,7569,4465,3104,128,29,Medium,Stable,Strong sales but crowd-related delays,365.0,467.4256837098692,58.99061963271238,24.613205405963065,0.5899,58.99,0.0132,1.32,0.4101,41.01,85.36,41.01,13.20540596306613,26.656077223460883,19.385026737967912,Medium,Medium
M_04,Marathahalli,East ORR,2024-04-01,10374,3527160,4.4,7491,4194,3297,92,27,Medium,Stable,Strong sales but crowd-related delays,340.0,470.8530236283541,55.98718462154586,22.6088683246578,0.5599,55.99,0.0089,0.89,0.4401,44.01,86.22,44.01,8.868324657798341,-0.3048379779787447,-6.069428891377382,Medium,Medium
M_05,Marathahalli,East ORR,2024-05-01,10370,3546540,4.4,8387,4948,3439,96,31,Medium,Stable,Strong sales but crowd-related delays,342.0,422.8615714796709,58.996065339215455,26.6092574734812,0.59,59.0,0.0093,0.93,0.41,41.0,86.14,41.0,9.257473481195758,0.5494505494505475,17.978063900810692,Medium,Medium
M_06,Marathahalli,East ORR,2024-06-01,10544,3753664,4.3,7998,4558,3440,89,28,Medium,Stable,Strong sales but crowd-related delays,356.0,469.3253313328332,56.98924731182796,23.70844081942337,0.5699,56.99,0.0084,0.84,0.4301,43.01,84.32,43.01,8.44081942336874,5.840170983550164,-7.881972514147129,Medium,Medium
M_07,Marathahalli,East ORR,2024-07-01,10004,4011604,4.1,8608,4992,3616,130,31,Medium,Stable,Strong sales but crowd-related delays,401.0,466.0320631970261,57.99256505576208,26.91299480207917,0.5799,57.99,0.013,1.3,0.4201,42.01,79.4,42.01,12.994802079168332,6.871685904758662,9.52172005265468,Medium,Medium
M_08,Marathahalli,East ORR,2024-08-01,7987,3019086,4.3,6608,4096,2512,107,33,Medium,Stable,Strong sales but crowd-related delays,378.0,456.8834745762712,61.98547215496368,28.713396769750847,0.6199,61.99,0.0134,1.34,0.3801,38.01,83.32,38.01,13.396769750845124,-24.74117584886245,-17.948717948717952,Medium,Medium
M_09,Marathahalli,East ORR,2024-09-01,8173,2868723,4.2,6952,3893,3059,82,29,Medium,Stable,Strong sales but crowd-related delays,351.0,412.6471518987342,55.99827387802071,24.81003303560504,0.56,56.0,0.01,1.0,0.44,44.0,82.0,44.0,10.033035605040988,-4.980414602300165,-4.9560546875,Medium,Medium
M_10,Marathahalli,East ORR,2024-10-01,8895,3166620,4.3,6595,4154,2441,109,29,Medium,Stable,Strong sales but crowd-related delays,356.0,480.1546626231994,62.98711144806671,24.712254075323216,0.6299,62.99,0.0123,1.23,0.3701,37.01,83.54,37.01,12.25407532321529,10.38430688497982,6.704341125096325,Medium,Medium
M_11,Marathahalli,East ORR,2024-11-01,12505,5177070,4.2,9429,5280,4149,116,31,Medium,Stable,Strong sales but crowd-related delays,414.0,549.0582246261533,55.99745466115177,26.80927628948421,0.56,56.0,0.0093,0.93,0.44,44.0,82.14,44.0,9.276289484206318,63.488830361710605,27.106403466538275,Medium,Medium
M_12,Marathahalli,East ORR,2024-12-01,12641,4664529,4.3,10223,5724,4499,113,32,Medium,Stable,Strong sales but crowd-related delays,369.0,456.2779027682676,55.99139195930745,27.7089391662052,0.5599,55.99,0.0089,0.89,0.4401,44.01,84.22,44.01,8.939166205205286,-9.900213827512472,8.4090909090909,Medium,Medium
M_13,Marathahalli,East ORR,2025-01-01,11479,4798222,4.4,8993,5395,3598,131,27,Medium,Stable,Strong sales but crowd-related delays,418.0,533.5507617035472,59.99110419214945,22.611412143914976,0.5999,59.99,0.0114,1.14,0.4001,40.01,85.72,40.01,11.412143914975172,2.8661629073374773,-5.747728860936407,Medium,Medium
M_14,Marathahalli,East ORR,2025-02-01,8258,2882042,4.3,7170,4158,3012,96,31,Medium,Stable,Strong sales but crowd-related delays,349.0,401.9584379358438,57.99163179916318,26.71162509082102,0.5799,57.99,0.0116,1.16,0.4201,42.01,83.68,42.01,11.62509082102204,-39.93520933379072,-22.928637627432813,Medium,Medium
M_15,Marathahalli,East ORR,2025-03-01,8853,3302169,4.3,7253,4279,2974,99,34,Medium,Stable,Strong sales but crowd-related delays,373.0,455.2831931614504,58.99627740245416,29.71118264994917,0.59,59.0,0.0112,1.12,0.41,41.0,83.76,41.0,11.182649949169774,14.577407268873957,2.910052910052907,Medium,Medium
M_16,Marathahalli,East ORR,2025-04-01,8973,3248226,4.2,6644,3787,2857,122,29,Medium,Stable,Strong sales but crowd-related delays,362.0,488.8961468994581,56.99879590608068,24.813596344589325,0.57,57.0,0.0136,1.36,0.43,43.0,81.28,43.0,13.596344589323524,-1.633562667446764,-11.49801355456882,Medium,Medium
M_17,Marathahalli,East ORR,2025-05-01,9642,3307206,4.2,7475,4335,3140,95,34,Medium,Stable,Strong sales but crowd-related delays,343.0,442.4355852842809,57.993311036789294,29.809852727649865,0.5799,57.99,0.0099,0.99,0.4201,42.01,82.02,42.01,9.852727649865171,1.8157603565761795,14.470557169263266,Medium,Medium
M_18,Marathahalli,East ORR,2025-06-01,10766,4306400,4.4,8082,4525,3557,106,31,Medium,Stable,Strong sales but crowd-related delays,400.0,532.8384063350655,55.98861667903984,26.60984581088612,0.5599,55.99,0.0098,0.98,0.4401,44.01,86.04,44.01,9.84581088612298,30.212632657294414,4.382929642445221,Medium,Medium
M_19,Marathahalli,East ORR,2025-07-01,10974,4389600,4.3,7957,5092,2865,97,30,Medium,Stable,Strong sales but crowd-related delays,400.0,551.6652004524318,63.99396757571949,25.708839074175323,0.6399,63.99,0.0088,0.88,0.3601,36.01,84.24,36.01,8.839074175323493,1.932008173880728,12.53038674033149,Medium,Medium
M_20,Marathahalli,East ORR,2025-08-01,10385,3998225,4.1,8082,5172,2910,120,30,Medium,Stable,Strong sales but crowd-related delays,385.0,494.7073744122742,63.99406087602079,25.911555127587867,0.6399,63.99,0.0116,1.16,0.3601,36.01,79.68,36.01,11.555127587867116,-8.915960451977401,1.5710919088766762,Medium,Medium
M_21,Marathahalli,East ORR,2025-09-01,8601,3319986,4.2,7056,4515,2541,106,27,Medium,Stable,Strong sales but crowd-related delays,386.0,470.5195578231293,63.988095238095234,22.812324148354843,0.6399,63.99,0.0123,1.23,0.3601,36.01,81.54,36.01,12.32414835484246,-16.963502554258447,-12.703016241299302,Medium,Medium
M_22,Marathahalli,East ORR,2025-10-01,11253,4107345,4.3,9665,5315,4350,122,33,Medium,Stable,Strong sales but crowd-related delays,365.0,424.9710294878427,54.992240041386445,28.710841553363547,0.5499,54.99,0.0108,1.08,0.4501,45.01,83.84,45.01,10.841553363547495,23.715732536221545,17.718715393133987,Medium,Medium
M_23,Marathahalli,East ORR,2025-11-01,10988,3878764,4.3,8998,5578,3420,131,33,Medium,Stable,Strong sales but crowd-related delays,353.0,431.06957101578126,61.991553678595245,28.71192209683291,0.6199,61.99,0.0119,1.19,0.3801,38.01,83.62,38.01,11.922096832908627,-5.565176531311589,4.948259642521169,Medium,Medium
M_24,Marathahalli,East ORR,2025-12-01,11068,3829528,4.2,9185,5694,3491,124,28,Medium,Stable,Strong sales but crowd-related delays,346.0,416.93282525857376,61.99237887860642,23.81120346946151,0.6199,61.99,0.0112,1.12,0.3801,38.01,81.76,38.01,11.203469461510664,-1.2693734395802347,2.0795984223736186,Medium,Medium
R_01,Rajarajeshwari Nagar,West,2024-01-01,6343,2162963,3.7,5376,2365,3011,235,41,Low,At Risk,Lower footfall than central branches,341.0,402.3368675595238,43.99181547619048,37.33704871511903,0.4399,43.99,0.037,3.7,0.5601,56.01,66.6,56.01,37.048715119028856,0.0,0.0,High,High
R_02,Rajarajeshwari Nagar,West,2024-02-01,4894,1747158,4.0,4056,1784,2272,230,43,Low,At Risk,Lower footfall than central branches,357.0,430.75887573964496,43.98422090729783,39.04699632202697,0.4398,43.98,0.047,4.7,0.5602,56.02,70.6,56.02,46.9963220269718,-19.223860972194164,-24.566596194503177,Medium,High
R_03,Rajarajeshwari Nagar,West,2024-03-01,4837,1799364,3.8,4219,2025,2194,244,41,Low,At Risk,Lower footfall than central branches,372.0,426.4906375918464,47.99715572410524,37.250444490386606,0.48,48.0,0.0504,5.04,0.52,52.0,65.92,52.0,50.44449038660326,2.9880525974182115,13.50896860986548,High,High
R_04,Rajarajeshwari Nagar,West,2024-04-01,5915,2105740,3.9,4356,2090,2266,200,43,Low,At Risk,Lower footfall than central branches,356.0,483.4113865932048,47.97979797979798,39.13381234150465,0.4798,47.98,0.0338,3.38,0.5202,52.02,71.24,52.02,33.8123415046492,17.02690506201079,3.209876543209877,High,High
R_05,Rajarajeshwari Nagar,West,2024-05-01,6195,2304540,3.7,5015,2156,2859,203,41,Low,At Risk,Lower footfall than central branches,372.0,459.52941176470586,42.99102691924227,37.33276836158192,0.4299,42.99,0.0328,3.28,0.5701,57.01,67.44,57.01,32.76836158192091,9.44086164483744,3.157894736842115,High,High
R_06,Rajarajeshwari Nagar,West,2024-06-01,6451,2399772,4.0,5555,2222,3333,246,37,Low,At Risk,Lower footfall than central branches,372.0,432.0021602160216,40.0,33.038133622694154,0.4,40.0,0.0381,3.81,0.6,60.0,72.38,60.0,38.133622694155946,4.132364810330902,3.0612244897959107,Medium,Medium
R_07,Rajarajeshwari Nagar,West,2024-07-01,6449,2611845,3.7,5651,2599,3052,175,41,Low,At Risk,Lower footfall than central branches,405.0,462.1916474960184,45.99185984781455,37.32713599007598,0.4599,45.99,0.0271,2.71,0.5401,54.01,68.58,54.01,27.13599007598077,8.837214535380866,16.96669666966697,High,High
R_08,Rajarajeshwari Nagar,West,2024-08-01,4589,1757587,3.9,3380,1656,1724,164,37,Low,At Risk,Lower footfall than central branches,383.0,519.9961538461539,48.994082840236686,33.135737633471344,0.4899,48.99,0.0357,3.57,0.5101,51.01,70.86,51.01,35.73763347134452,-32.70707105513535,-36.283185840707965,High,Medium
R_09,Rajarajeshwari Nagar,West,2024-09-01,6494,2675528,3.7,4729,2128,2601,155,44,Low,At Risk,Lower footfall than central branches,412.0,565.7703531401987,44.998942694015646,40.32386818601786,0.45,45.0,0.0239,2.39,0.55,55.0,69.22,55.0,23.86818601786264,52.22734351130271,28.5024154589372,High,High
R_10,Rajarajeshwari Nagar,West,2024-10-01,6829,2656481,3.8,5600,2632,2968,225,43,Low,At Risk,Lower footfall than central branches,389.0,474.3716071428572,47.0,39.23294772294626,0.47,47.0,0.0329,3.29,0.53,53.0,69.42,53.0,32.94772294625861,-0.7118968667119141,23.684210526315795,High,High
R_11,Rajarajeshwari Nagar,West,2024-11-01,6448,2701712,3.8,5207,2239,2968,156,46,Low,At Risk,Lower footfall than central branches,419.0,518.8615325523334,42.99980795083541,42.2241935483871,0.43,43.0,0.0242,2.42,0.57,57.0,71.16,57.0,24.19354838709677,1.7026660457951648,-14.93161094224924,High,High
R_12,Rajarajeshwari Nagar,West,2024-12-01,5199,1835247,3.8,3811,1867,1944,152,44,Low,At Risk,Lower footfall than central branches,353.0,481.565730779323,48.98976646549463,40.229236391613775,0.4899,48.99,0.0292,2.92,0.5101,51.01,70.16,51.01,29.23639161377188,-32.07096093143903,-16.61456007146047,High,High
R_13,Rajarajeshwari Nagar,West,2025-01-01,7629,2731182,3.9,6684,3275,3409,174,38,Low,At Risk,Lower footfall than central branches,358.0,408.6149012567325,48.99760622381808,34.122807707432166,0.49,49.0,0.0228,2.28,0.51,51.0,73.44,51.0,22.807707432166733,48.81822446787816,75.41510444563471,High,Medium
R_14,Rajarajeshwari Nagar,West,2025-02-01,5184,1985472,3.8,4193,1761,2432,202,42,Low,At Risk,Lower footfall than central branches,383.0,473.52062962079657,41.99856904364417,38.23896604938272,0.42,42.0,0.039,3.9,0.58,58.0,68.2,58.0,38.96604938271605,-27.30356307269161,-46.22900763358778,High,High
R_15,Rajarajeshwari Nagar,West,2025-03-01,5161,1894087,3.8,3880,1629,2251,205,44,Low,At Risk,Lower footfall than central branches,367.0,488.1667525773196,41.98453608247423,40.23972098430537,0.4198,41.98,0.0397,3.97,0.5802,58.02,68.06,58.02,39.720984305367175,-4.602683895819226,-7.495741056218053,High,High
R_16,Rajarajeshwari Nagar,West,2025-04-01,4534,1881610,3.8,3390,1559,1831,203,36,Low,At Risk,Lower footfall than central branches,415.0,555.047197640118,45.9882005899705,32.24477282752537,0.4599,45.99,0.0448,4.48,0.5401,54.01,67.03999999999999,54.01,44.77282752536392,-0.6587342608866398,-4.297114794352364,High,Medium
R_17,Rajarajeshwari Nagar,West,2025-05-01,6248,2349248,3.9,4844,2082,2762,210,43,Low,At Risk,Lower footfall than central branches,376.0,484.9810074318745,42.98100743187449,39.133610755441744,0.4298,42.98,0.0336,3.36,0.5702,57.02,71.28,57.02,33.61075544174136,24.853077949203083,33.54714560615779,High,High
R_18,Rajarajeshwari Nagar,West,2025-06-01,5887,2284156,3.9,4722,1936,2786,209,43,Low,At Risk,Lower footfall than central branches,388.0,483.7263871241,40.9995764506565,39.13550195345677,0.41,41.0,0.0355,3.55,0.59,59.0,70.9,59.0,35.50195345676915,-2.770758983300192,-7.012487992315086,High,High
R_19,Rajarajeshwari Nagar,West,2025-07-01,6967,2912206,3.7,6020,2468,3552,247,39,Low,At Risk,Lower footfall than central branches,418.0,483.7551495016612,40.99667774086379,35.33545284914597,0.41,41.0,0.0355,3.55,0.59,59.0,66.9,59.0,35.45284914597387,27.495932852222005,27.4793388429752,High,High
R_20,Rajarajeshwari Nagar,West,2025-08-01,6297,2248029,3.9,5170,2171,2999,207,41,Low,At Risk,Lower footfall than central branches,357.0,434.8218568665377,41.992263056092845,37.1328727965698,0.4199,41.99,0.0329,3.29,0.5801,58.01,71.42,58.01,32.872796569795135,-22.80666271548097,-12.034035656401942,High,High
R_21,Rajarajeshwari Nagar,West,2025-09-01,5293,2027219,3.9,4126,2021,2105,243,42,Low,At Risk,Lower footfall than central branches,383.0,491.3279205041202,48.98206495395056,38.1459096920461,0.4898,48.98,0.0459,4.59,0.5102,51.02,68.82,51.02,45.90969204609862,-9.822382184571463,-6.909258406264396,High,High
R_22,Rajarajeshwari Nagar,West,2025-10-01,5176,2075576,3.8,3807,1827,1980,218,41,Low,At Risk,Lower footfall than central branches,401.0,545.1998949303913,47.99054373522459,37.24211746522411,0.4799,47.99,0.0421,4.21,0.5201,52.01,67.58,52.01,42.117465224111285,2.385386088034891,-9.599208312716478,High,High
R_23,Rajarajeshwari Nagar,West,2025-11-01,5612,1913692,3.8,4126,1774,2352,252,44,Low,At Risk,Lower footfall than central branches,341.0,463.81289384391664,42.995637421231216,40.24490377761939,0.43,43.0,0.0449,4.49,0.57,57.0,67.02,57.0,44.90377761938703,-7.799473495550147,-2.9009304871373875,High,High
R_24,Rajarajeshwari Nagar,West,2025-12-01,7520,3038080,3.8,6345,2791,3554,184,40,Low,At Risk,Lower footfall than central branches,404.0,478.8148148148149,43.98739164696612,36.22446808510639,0.4399,43.99,0.0245,2.45,0.5601,56.01,71.1,56.01,24.46808510638298,58.75490935845475,57.32807215332583,High,High
R_01,Residency Road,Central,2024-01-01,17029,6862687,4.7,13830,10372,3458,71,18,High,Healthy,Corporate crowd and high delivery volume,403.0,496.2174258857556,74.99638467100506,13.30416935815374,0.75,75.0,0.0042,0.42,0.25,25.0,93.16,25.0,4.1693581537377415,0.0,0.0,Low,Low
R_02,Residency Road,Central,2024-02-01,13122,4763286,4.6,11268,8338,2930,52,18,High,Healthy,Corporate crowd and high delivery volume,363.0,422.7268370607029,73.99716009939652,13.403962810547172,0.74,74.0,0.004,0.4,0.26,26.0,91.2,26.0,3.9628105471726873,-30.591530693444124,-19.6104897801774,Low,Low
R_03,Residency Road,Central,2024-03-01,12036,4441284,4.6,10404,7698,2706,89,22,High,Healthy,Corporate crowd and high delivery volume,369.0,426.88235294117646,73.99077277970012,17.40739448321702,0.7399,73.99,0.0074,0.74,0.2601,26.01,90.52,26.01,7.39448321701562,-6.760081170855581,-7.675701607100027,Low,Low
R_04,Residency Road,Central,2024-04-01,14109,5615382,4.6,10384,7476,2908,59,23,High,Healthy,Corporate crowd and high delivery volume,398.0,540.7725346687212,71.99537750385207,18.40418172797505,0.72,72.0,0.0042,0.42,0.28,28.0,91.16,28.0,4.181727975051386,26.436003642189966,-2.883865939204988,Low,Low
R_05,Residency Road,Central,2024-05-01,13635,4744980,4.5,10513,7464,3049,75,20,High,Healthy,Corporate crowd and high delivery volume,348.0,451.3440502235328,70.99781223247408,15.505500550055004,0.71,71.0,0.0055,0.55,0.29,29.0,88.9,29.0,5.500550055005501,-15.500316808366732,-0.1605136436597098,Low,Low
R_06,Residency Road,Central,2024-06-01,12717,4514535,4.7,10068,6946,3122,86,20,High,Healthy,Corporate crowd and high delivery volume,355.0,448.4043504171633,68.99086213746524,15.306762601242433,0.6899,68.99,0.0068,0.68,0.3101,31.01,92.64,31.01,6.762601242431391,-4.856606350290205,-6.939978563772775,Medium,Low
R_07,Residency Road,Central,2024-07-01,12395,4486990,4.6,10473,7540,2933,55,21,High,Healthy,Corporate crowd and high delivery volume,362.0,428.4340685572424,71.99465291702472,16.40443727309399,0.7199,71.99,0.0044,0.44,0.2801,28.01,91.12,28.01,4.437273093989512,-0.610140357755562,8.55168442268932,Low,Low
R_08,Residency Road,Central,2024-08-01,13062,4610886,4.5,10553,7809,2744,76,19,High,Healthy,Corporate crowd and high delivery volume,353.0,436.9265611674405,73.99791528475315,14.505818404532231,0.74,74.0,0.0058,0.58,0.26,26.0,88.84,26.0,5.8184045322309,2.7612274598338704,3.56763925729442,Low,Low
R_09,Residency Road,Central,2024-09-01,13156,4696692,4.7,11511,8057,3454,63,20,High,Healthy,Corporate crowd and high delivery volume,357.0,408.0177221787855,69.99391886022066,15.3047886895713,0.6999,69.99,0.0048,0.48,0.3001,30.01,93.04,30.01,4.788689571298267,1.8609438619822785,3.1758227686003337,Medium,Low
R_10,Residency Road,Central,2024-10-01,14895,5243040,4.7,11254,8215,3039,72,24,High,Healthy,Corporate crowd and high delivery volume,352.0,465.88235294117646,72.99626799360227,19.304833836858005,0.73,73.0,0.0048,0.48,0.27,27.0,93.04,27.0,4.833836858006042,11.632612911385287,1.9610276777957123,Low,Low
R_11,Residency Road,Central,2024-11-01,15428,5800928,4.7,11683,8411,3272,36,22,High,Healthy,Corporate crowd and high delivery volume,376.0,496.5272618334332,71.99349482153556,17.302333419756287,0.7199,71.99,0.0023,0.23,0.2801,28.01,93.54,28.01,2.33341975628727,10.64054441697946,2.385879488740117,Low,Low
R_12,Residency Road,Central,2024-12-01,15546,6373860,4.8,13645,9278,4367,56,21,High,Healthy,Corporate crowd and high delivery volume,410.0,467.12055698057895,67.9956027849029,16.203602212787853,0.68,68.0,0.0036,0.36,0.32,32.0,95.28,32.0,3.6022127878553967,9.876557681805398,10.30793009154678,Medium,Low
R_13,Residency Road,Central,2025-01-01,15128,5945304,4.6,12598,9070,3528,65,20,High,Healthy,Corporate crowd and high delivery volume,393.0,471.9244324495952,71.99555484997619,15.4042966684294,0.72,72.0,0.0043,0.43,0.28,28.0,91.14,28.0,4.296668429402433,-6.723649405540755,-2.24186247035999,Low,Low
R_14,Residency Road,Central,2025-02-01,12713,4881792,4.8,9176,6423,2753,73,23,High,Healthy,Corporate crowd and high delivery volume,384.0,532.0174367916303,69.99782040104621,18.20574215370093,0.7,70.0,0.0057,0.57,0.3,30.0,94.86,30.0,5.74215370093605,-17.888269464437812,-29.184123484013234,Low,Low
R_15,Residency Road,Central,2025-03-01,13243,5297200,4.7,11278,8458,2820,54,21,High,Healthy,Corporate crowd and high delivery volume,400.0,469.6932080156056,74.9955665898209,16.30407762591558,0.75,75.0,0.0041,0.41,0.25,25.0,93.18,25.0,4.077625915578041,8.509334277249003,31.683014167834344,Low,Low
R_16,Residency Road,Central,2025-04-01,13958,5611116,4.7,11116,8114,3002,47,21,High,Healthy,Corporate crowd and high delivery volume,402.0,504.77833753148616,72.99388269161568,16.303367244590916,0.7299,72.99,0.0034,0.34,0.2701,27.01,93.32,27.01,3.367244590915604,5.926074152382399,-4.067155355876095,Low,Low
R_17,Residency Road,Central,2025-05-01,12823,4911209,4.7,11238,7754,3484,87,23,High,Healthy,Corporate crowd and high delivery volume,383.0,437.01806371240434,68.99804235629115,18.306784683771347,0.69,69.0,0.0068,0.68,0.31,31.0,92.64,31.0,6.784683771348358,-12.473579230940867,-4.436775942814886,Medium,Low
R_18,Residency Road,Central,2025-06-01,14220,5887080,4.5,12329,9000,3329,55,25,High,Healthy,Corporate crowd and high delivery volume,414.0,477.4985805823668,72.99862113715629,20.50386779184248,0.73,73.0,0.0039,0.39,0.27,27.0,89.22,27.0,3.8677918424753854,19.87028041364153,16.069125612587044,Low,Medium
R_19,Residency Road,Central,2025-07-01,13699,5287814,4.7,11242,7756,3486,54,18,High,Healthy,Corporate crowd and high delivery volume,386.0,470.3623910336239,68.99128268991282,13.303941893568876,0.6899,68.99,0.0039,0.39,0.3101,31.01,93.22,31.01,3.94189356887364,-10.179341880864534,-13.822222222222225,Medium,Low
R_20,Residency Road,Central,2025-08-01,13549,8307202,4.6,11708,8546,3162,35,22,High,Healthy,Corporate crowd and high delivery volume,613.1228872979556,709.5321147933038,72.99282541851724,17.402583216473538,0.7299,72.99,0.0026,0.26,0.2701,27.01,91.48,27.01,2.5832164735404826,57.10087382044831,10.18566271273853,Low,Low
R_21,Residency Road,Central,2025-09-01,13035,5409525,4.8,9607,7013,2594,50,25,High,Healthy,Corporate crowd and high delivery volume,415.0,563.0816071614448,72.99885500156135,20.20383582662064,0.73,73.0,0.0038,0.38,0.27,27.0,95.24,27.0,3.8358266206367473,-34.88150402506163,-17.93821670957173,Low,Medium
R_22,Residency Road,Central,2025-10-01,14227,4936769,4.6,11047,7622,3425,62,21,High,Healthy,Corporate crowd and high delivery volume,347.0,446.8877523309496,68.99610754050873,16.404357911014266,0.69,69.0,0.0044,0.44,0.31,31.0,91.12,31.0,4.357911014268645,-8.73932554152167,8.683872807642956,Medium,Low
R_23,Residency Road,Central,2025-11-01,14419,5277354,4.5,11992,8994,2998,75,21,High,Healthy,Corporate crowd and high delivery volume,366.0,440.0728819212808,75.0,16.505201470282266,0.75,75.0,0.0052,0.52,0.25,25.0,88.96,25.0,5.201470282266454,6.898945443872306,18.000524796641294,Low,Low
R_24,Residency Road,Central,2025-12-01,15207,5596176,4.6,11273,8003,3270,54,22,High,Healthy,Corporate crowd and high delivery volume,368.0,496.4229575090925,70.99263727490464,17.403550996251724,0.7099,70.99,0.0036,0.36,0.2901,29.01,91.28,29.01,3.5509962517261786,6.04132298117579,-11.01845674894374,Low,Low
SN_01,Sahakar Nagar,North,2024-01-01,12557,4997686,4.2,10056,5731,4325,136,33,Medium,Stable,Localized delivery-focused customer base,398.0,496.98548130469374,56.99085123309467,28.810830612407425,0.5699,56.99,0.0108,1.08,0.4301,43.01,81.84,43.01,10.830612407422157,0.0,0.0,Medium,Medium
SN_02,Sahakar Nagar,North,2024-02-01,7827,3052530,4.1,6452,3677,2775,126,31,Medium,Stable,Localized delivery-focused customer base,390.0,473.1137631742096,56.99008059516429,26.91609812188578,0.5699,56.99,0.0161,1.61,0.4301,43.01,78.78,43.01,16.098121885779992,-38.92113270021365,-35.84016751003315,Medium,Medium
SN_03,Sahakar Nagar,North,2024-03-01,10554,4401018,4.3,8617,5342,3275,114,34,Medium,Stable,Localized delivery-focused customer base,417.0,510.73668330045257,61.99373331786005,29.71080159181353,0.6199,61.99,0.0108,1.08,0.3801,38.01,83.84,38.01,10.801591813530417,44.17607689359318,45.28147946695675,Medium,Medium
SN_04,Sahakar Nagar,North,2024-04-01,10361,4071873,4.3,7799,4601,3198,83,30,Medium,Stable,Localized delivery-focused customer base,393.0,522.1019361456597,58.99474291575844,25.7080108097674,0.5899,58.99,0.008,0.8,0.4101,41.01,84.4,41.01,8.01080976739697,-7.478837850697273,-13.871209284912023,Medium,Medium
SN_05,Sahakar Nagar,North,2024-05-01,10282,3557572,4.2,8613,5512,3101,97,33,Medium,Stable,Localized delivery-focused customer base,346.0,413.0467897364449,63.99628468593986,28.809433962264155,0.64,64.0,0.0094,0.94,0.36,36.0,82.12,36.0,9.433962264150942,-12.630575658916666,19.80004346881113,Medium,Medium
SN_06,Sahakar Nagar,North,2024-06-01,10656,3633696,4.1,9224,5165,4059,98,30,Medium,Stable,Localized delivery-focused customer base,341.0,393.93928881179534,55.99522983521249,25.909196696696696,0.56,56.0,0.0092,0.92,0.44,44.0,80.16,44.0,9.196696696696696,2.1397739806812144,-6.295355587808416,Medium,Medium
SN_07,Sahakar Nagar,North,2024-07-01,10256,4163936,4.2,8352,4677,3675,121,33,Medium,Stable,Localized delivery-focused customer base,406.0,498.55555555555554,55.99856321839081,28.811797971918875,0.56,56.0,0.0118,1.18,0.44,44.0,81.64,44.0,11.797971918876756,14.592304914885569,-9.44820909970958,Medium,Medium
SN_08,Sahakar Nagar,North,2024-08-01,7895,3094840,4.3,6056,3815,2241,116,32,Medium,Stable,Localized delivery-focused customer base,392.0,511.03698811096433,62.99537648612946,27.71469284357188,0.63,63.0,0.0147,1.47,0.37,37.0,83.06,37.0,14.692843571880935,-25.675130453494,-18.43061791746846,Medium,Medium
SN_09,Sahakar Nagar,North,2024-09-01,9023,3726499,4.4,7313,4022,3291,123,34,Medium,Stable,Localized delivery-focused customer base,413.0,509.5718583344728,54.99794885819773,29.613631829768373,0.55,55.0,0.0136,1.36,0.45,45.0,85.28,45.0,13.63182976836972,20.410069664344533,5.4259501965924,Medium,Medium
SN_10,Sahakar Nagar,North,2024-10-01,11046,3899238,4.4,9263,5187,4076,111,27,Medium,Stable,Localized delivery-focused customer base,353.0,420.9476411529742,55.99697722120264,22.610048886474743,0.56,56.0,0.01,1.0,0.44,44.0,86.0,44.0,10.04888647474199,4.635423221635104,28.965688712083537,Medium,Medium
SN_11,Sahakar Nagar,North,2024-11-01,8896,3051328,4.2,6593,3955,2638,88,32,Medium,Stable,Localized delivery-focused customer base,343.0,462.8132868193538,59.9878659183983,27.809892086330937,0.5999,59.99,0.0099,0.99,0.4001,40.01,82.02,40.01,9.892086330935252,-21.74553079345246,-23.75168690958165,Medium,Medium
SN_12,Sahakar Nagar,North,2024-12-01,11012,3931284,4.2,8861,5316,3545,102,31,Medium,Stable,Localized delivery-focused customer base,357.0,443.6614377609751,59.9932287552195,26.809262622593536,0.5999,59.99,0.0093,0.93,0.4001,40.01,82.14,40.01,9.262622593534326,28.83845984436941,34.412136536030346,Medium,Medium
SN_13,Sahakar Nagar,North,2025-01-01,11027,4146152,4.3,9088,4998,4090,117,28,Medium,Stable,Localized delivery-focused customer base,376.0,456.2227112676056,54.995598591549296,23.710610320123333,0.55,55.0,0.0106,1.06,0.45,45.0,83.88,45.0,10.610320123333636,5.465593429525817,-5.981941309255079,Medium,Medium
SN_14,Sahakar Nagar,North,2025-02-01,8901,3257766,4.3,7690,4614,3076,132,28,Medium,Stable,Localized delivery-focused customer base,366.0,423.6366710013004,60.0,23.714829794405123,0.6,60.0,0.0148,1.48,0.4,40.0,83.04,40.0,14.82979440512302,-21.42675907685005,-7.683073229291715,Medium,Medium
SN_15,Sahakar Nagar,North,2025-03-01,8145,3192840,4.3,6092,3837,2255,113,30,Medium,Stable,Localized delivery-focused customer base,392.0,524.1037426132633,62.98424162836507,25.713873542050337,0.6298,62.98,0.0139,1.39,0.3702,37.02,83.22,37.02,13.873542050337631,-1.9929608203904103,-16.840052015604677,Medium,Medium
SN_16,Sahakar Nagar,North,2025-04-01,9208,3545080,4.4,6698,4286,2412,100,30,Medium,Stable,Localized delivery-focused customer base,385.0,529.2744102717229,63.98925052254404,25.610860121633365,0.6399,63.99,0.0109,1.09,0.3601,36.01,85.82,36.01,10.860121633362294,11.032184512847486,11.701850403961432,Medium,Medium
SN_17,Sahakar Nagar,North,2025-05-01,10567,3962625,4.4,8911,5257,3654,80,29,Medium,Stable,Localized delivery-focused customer base,375.0,444.68914824374366,58.99450117831893,24.607570739093404,0.5899,58.99,0.0076,0.76,0.4101,41.01,86.48,41.01,7.5707390934039935,11.778154512733142,22.6551563229118,Medium,Medium
SN_18,Sahakar Nagar,North,2025-06-01,7528,2996144,4.2,5778,3351,2427,119,29,Medium,Stable,Localized delivery-focused customer base,398.0,518.5434406368986,57.99584631360333,24.81580765143465,0.58,58.0,0.0158,1.58,0.42,42.0,80.84,42.0,15.807651434643995,-24.389918299107283,-36.25642001141335,Medium,Medium
SN_19,Sahakar Nagar,North,2025-07-01,8750,3158750,4.4,7325,4541,2784,134,33,Medium,Stable,Localized delivery-focused customer base,361.0,431.2286689419796,61.99317406143344,28.615314285714284,0.6199,61.99,0.0153,1.53,0.3801,38.01,84.94,38.01,15.314285714285717,5.4271757298714585,35.51178752611162,Medium,Medium
SN_20,Sahakar Nagar,North,2025-08-01,8812,3533612,4.2,7691,4383,3308,126,30,Medium,Stable,Localized delivery-focused customer base,401.0,459.4476661032376,56.98868807697309,25.814298683613256,0.5699,56.99,0.0143,1.43,0.4301,43.01,81.14,43.01,14.298683613254653,11.867415908191536,-3.47940982162519,Medium,Medium
SN_21,Sahakar Nagar,North,2025-09-01,9526,3924712,4.2,6973,4114,2859,105,28,Medium,Stable,Localized delivery-focused customer base,412.0,562.8441130073139,58.998996127921984,23.81102246483309,0.59,59.0,0.011,1.1,0.41,41.0,81.8,41.0,11.022464833088389,11.06799501473279,-6.137348847821123,Medium,Medium
SN_22,Sahakar Nagar,North,2025-10-01,9821,3574844,4.2,7458,4773,2685,122,34,Medium,Stable,Localized delivery-focused customer base,364.0,479.3301153124162,63.99839098954144,29.81242236024845,0.64,64.0,0.0124,1.24,0.36,36.0,81.52,36.0,12.422360248447204,-8.914488502595862,16.018473505104524,Medium,Medium
SN_23,Sahakar Nagar,North,2025-11-01,8774,3079674,4.1,6824,3889,2935,123,30,Medium,Stable,Localized delivery-focused customer base,351.0,451.3004103165299,56.99003516998828,25.914018691588787,0.5699,56.99,0.014,1.4,0.4301,43.01,79.2,43.01,14.018691588785046,-13.851513520589986,-18.52084642782317,Medium,Medium
SN_24,Sahakar Nagar,North,2025-12-01,12207,5041491,4.3,10137,5575,4562,128,31,Medium,Stable,Localized delivery-focused customer base,413.0,497.3356022491861,54.99654730196311,26.710485786843613,0.55,55.0,0.0105,1.05,0.45,45.0,83.9,45.0,10.48578684361432,63.70209963781881,43.35304705579841,Medium,Medium
SR_01,Sarjapur Road,East,2024-01-01,11616,4251456,4.1,9829,5405,4424,94,33,Medium,Stable,High IT corridor delivery demand,366.0,432.5420693865093,54.99033472377658,28.90809228650138,0.5499,54.99,0.0081,0.81,0.4501,45.01,80.38,45.01,8.09228650137741,0.0,0.0,Medium,Medium
SR_02,Sarjapur Road,East,2024-02-01,10097,3756084,4.3,7324,4467,2857,116,29,Medium,Stable,High IT corridor delivery demand,372.0,512.8459858001092,60.99126160567996,24.7114885609587,0.6099,60.99,0.0115,1.15,0.3901,39.01,83.7,39.01,11.488560958700605,-11.651819988258138,-17.35430157261795,Medium,Medium
SR_03,Sarjapur Road,East,2024-03-01,10145,3824665,4.3,8175,5232,2943,84,29,Medium,Stable,High IT corridor delivery demand,377.0,467.8489296636085,64.0,24.708279940857565,0.64,64.0,0.0083,0.83,0.36,36.0,84.34,36.0,8.279940857565302,1.8258643842896,17.125587642713235,Medium,Medium
SR_04,Sarjapur Road,East,2024-04-01,8314,2943156,4.4,7046,4368,2678,103,30,Medium,Stable,High IT corridor delivery demand,354.0,417.70593244393984,61.99261992619927,25.61238874188116,0.6199,61.99,0.0124,1.24,0.3801,38.01,85.52,38.01,12.388741881164302,-23.04800551159383,-16.51376146788991,Medium,Medium
SR_05,Sarjapur Road,East,2024-05-01,10832,3964512,4.2,8910,4989,3921,83,30,Medium,Stable,High IT corridor delivery demand,366.0,444.9508417508417,55.99326599326599,25.80766248153619,0.5599,55.99,0.0077,0.77,0.4401,44.01,82.46,44.01,7.66248153618907,34.70274766271309,14.21703296703296,Medium,Medium
SR_06,Sarjapur Road,East,2024-06-01,10302,3698418,4.3,7716,4552,3164,105,29,Medium,Stable,High IT corridor delivery demand,359.0,479.3180404354588,58.9942975635044,24.710192195690155,0.5899,58.99,0.0102,1.02,0.4101,41.01,83.96,41.01,10.19219569015725,-6.711897958689495,-8.759270394868713,Medium,Medium
SR_07,Sarjapur Road,East,2024-07-01,9365,3614890,4.2,7174,4376,2798,85,34,Medium,Stable,High IT corridor delivery demand,386.0,503.8876498466685,60.99804850850292,29.809076348104643,0.61,61.0,0.0091,0.91,0.39,39.0,82.18,39.0,9.076348104644952,-2.258479165956906,-3.8664323374341,Medium,Medium
SR_08,Sarjapur Road,East,2024-08-01,7862,3136938,4.1,6406,3587,2819,92,34,Medium,Stable,High IT corridor delivery demand,399.0,489.6874804870434,55.99438026849828,29.91170185703384,0.5599,55.99,0.0117,1.17,0.4401,44.01,79.66,44.01,11.70185703383363,-13.221757785160824,-18.03016453382084,Medium,Medium
SR_09,Sarjapur Road,East,2024-09-01,10551,3967176,4.3,8790,5449,3341,83,31,Medium,Stable,High IT corridor delivery demand,376.0,451.3283276450512,61.990898748577926,26.70786655293337,0.6199,61.99,0.0079,0.79,0.3801,38.01,84.42,38.01,7.866552933371244,26.4665096983109,51.909673822135495,Medium,Medium
SR_10,Sarjapur Road,East,2024-10-01,12278,4788420,4.3,10286,6480,3806,110,28,Medium,Stable,High IT corridor delivery demand,390.0,465.52790200272216,62.99825004860976,23.7089591138622,0.63,63.0,0.009,0.9,0.37,37.0,84.2,37.0,8.95911386219254,20.700972177690137,18.9209029179666,Medium,Medium
SR_11,Sarjapur Road,East,2024-11-01,12497,4811345,4.4,9469,5207,4262,90,33,Medium,Stable,High IT corridor delivery demand,385.0,508.1154292955961,54.98996726159046,28.60720172841482,0.5499,54.99,0.0072,0.72,0.4501,45.01,86.56,45.01,7.201728414819557,0.4787591731719498,-19.645061728395063,Medium,Medium
SR_12,Sarjapur Road,East,2024-12-01,12554,4268360,4.4,10786,6795,3991,133,33,Medium,Stable,High IT corridor delivery demand,340.0,395.7315038012238,62.99833117003523,28.61059423291381,0.63,63.0,0.0106,1.06,0.37,37.0,85.88,37.0,10.59423291381233,-11.28551371809754,30.49740733627808,Medium,Medium
SR_13,Sarjapur Road,East,2025-01-01,9275,3635800,4.2,7175,4520,2655,94,31,Medium,Stable,High IT corridor delivery demand,392.0,506.7317073170732,62.99651567944251,26.810134770889487,0.63,63.0,0.0101,1.01,0.37,37.0,81.98,37.0,10.13477088948787,-14.819743414332432,-33.480500367917585,Medium,Medium
SR_14,Sarjapur Road,East,2025-02-01,9860,3589040,4.1,8461,4907,3554,120,29,Medium,Stable,High IT corridor delivery demand,364.0,424.1862663987709,57.99550880510578,24.91217038539554,0.58,58.0,0.0122,1.22,0.42,42.0,79.56,42.0,12.170385395537526,-1.2860993453985392,8.56194690265486,Medium,Medium
SR_15,Sarjapur Road,East,2025-03-01,7885,3012070,4.2,5718,3144,2574,106,28,Medium,Stable,High IT corridor delivery demand,382.0,526.7698495977614,54.98426023084995,23.813443246670897,0.5498,54.98,0.0134,1.34,0.4502,45.02,81.32,45.02,13.443246670894103,-16.075886588056974,-35.92826574281639,Medium,Medium
SR_16,Sarjapur Road,East,2025-04-01,8262,3230442,4.1,6502,3966,2536,103,27,Medium,Stable,High IT corridor delivery demand,391.0,496.8382036296524,60.99661642571517,22.91246671508109,0.61,61.0,0.0125,1.25,0.39,39.0,79.5,39.0,12.466715081094168,7.249897910739134,26.14503816793894,Medium,Medium
SR_17,Sarjapur Road,East,2025-05-01,9379,3423335,4.2,6772,4063,2709,108,33,Medium,Stable,High IT corridor delivery demand,365.0,505.51314235085647,59.99704666272888,28.81151508689626,0.6,60.0,0.0115,1.15,0.4,40.0,81.7,40.0,11.515086896257596,5.971102406419937,2.445789208270299,Medium,Medium
SR_18,Sarjapur Road,East,2025-06-01,8992,3488896,4.3,7276,4583,2693,96,30,Medium,Stable,High IT corridor delivery demand,388.0,479.5074216602529,62.98790544255085,25.71067615658363,0.6299,62.99,0.0107,1.07,0.3701,37.01,83.86,37.01,10.676156583629894,1.915120781343349,12.79842480925424,Medium,Medium
SR_19,Sarjapur Road,East,2025-07-01,7841,2665940,4.1,6034,3680,2354,119,27,Medium,Stable,High IT corridor delivery demand,340.0,441.8196884322175,60.987736161750085,22.91517663563321,0.6099,60.99,0.0152,1.52,0.3901,39.01,78.96,39.01,15.176635633210047,-23.587862750852995,-19.70325114553786,Medium,Medium
SR_20,Sarjapur Road,East,2025-08-01,8489,3404089,4.3,6390,3642,2748,138,34,Medium,Stable,High IT corridor delivery demand,401.0,532.7212832550861,56.995305164319255,29.716256331723404,0.57,57.0,0.0163,1.63,0.43,43.0,82.74,43.0,16.25633172340676,27.68813251611064,-1.0326086956521707,Medium,Medium
SR_21,Sarjapur Road,East,2025-09-01,9832,3519856,4.3,7182,4452,2730,108,32,Medium,Stable,High IT corridor delivery demand,358.0,490.09412419938735,61.98830409356725,27.710984540276645,0.6199,61.99,0.011,1.1,0.3801,38.01,83.8,38.01,10.984540276647682,3.40082177639891,22.24052718286656,Medium,Medium
SR_22,Sarjapur Road,East,2025-10-01,11657,4394689,4.3,9820,5892,3928,129,28,Medium,Stable,High IT corridor delivery demand,377.0,447.5243380855397,60.0,23.71106631208716,0.6,60.0,0.0111,1.11,0.4,40.0,83.78,40.0,11.06631208715793,24.854226991104177,32.345013477088955,Medium,Medium
SR_23,Sarjapur Road,East,2025-11-01,10833,4019043,4.2,8271,4714,3557,134,33,Medium,Stable,High IT corridor delivery demand,371.0,485.9198404062387,56.99431749486157,28.812369611372656,0.5699,56.99,0.0124,1.24,0.4301,43.01,81.52,43.01,12.36961137265762,-8.547726585430738,-19.99321113374066,Medium,Medium
SR_24,Sarjapur Road,East,2025-12-01,10811,4010881,4.3,9022,5503,3519,112,33,Medium,Stable,High IT corridor delivery demand,371.0,444.5667257814232,60.99534471292396,28.71035981870317,0.61,61.0,0.0104,1.04,0.39,39.0,83.92,39.0,10.359818703172696,-0.2030831717898973,16.737378022910487,Medium,Medium
S_01,Singasandra,Hosur Road,2024-01-01,9680,3649360,4.3,7794,4364,3430,126,30,Medium,Stable,Good parking and family demand,377.0,468.2268411598666,55.99178855529895,25.713016528925618,0.5599,55.99,0.013,1.3,0.4401,44.01,83.4,44.01,13.016528925619836,0.0,0.0,Medium,Medium
S_02,Singasandra,Hosur Road,2024-02-01,10586,4001508,4.1,8167,5226,2941,134,31,Medium,Stable,Good parking and family demand,378.0,489.9605730378352,63.98922492959471,26.91265822784809,0.6399,63.99,0.0127,1.27,0.3601,36.01,79.46,36.01,12.658227848101266,9.64958239252911,19.752520623281388,Medium,Medium
S_03,Singasandra,Hosur Road,2024-03-01,8754,3081408,4.1,7134,3923,3211,123,27,Medium,Stable,Good parking and family demand,352.0,431.932716568545,54.99018783291281,22.91405071967101,0.5499,54.99,0.0141,1.41,0.4501,45.01,79.18,45.01,14.050719671007538,-22.993831325590254,-24.933027171833142,Medium,Medium
S_04,Singasandra,Hosur Road,2024-04-01,9103,3395419,4.2,7366,4124,3242,120,31,Medium,Stable,Good parking and family demand,373.0,460.95832202009234,55.986967146348086,26.813182467318462,0.5599,55.99,0.0132,1.32,0.4401,44.01,81.36,44.01,13.182467318466438,10.190503821629582,5.123629875095581,Medium,Medium
S_05,Singasandra,Hosur Road,2024-05-01,10940,3774300,4.3,9451,5576,3875,121,27,Medium,Stable,Good parking and family demand,345.0,399.3545656544281,58.99904771981801,22.71106032906764,0.59,59.0,0.0111,1.11,0.41,41.0,83.78,41.0,11.060329067641682,11.158593387148974,35.208535402521825,Medium,Medium
S_06,Singasandra,Hosur Road,2024-06-01,10891,4051452,4.3,7854,4712,3142,135,29,Medium,Stable,Good parking and family demand,372.0,515.8456837280366,59.994907053730586,24.71239555596364,0.5999,59.99,0.0124,1.24,0.4001,40.01,83.52,40.01,12.3955559636397,7.343136475637868,-15.494978479196552,Medium,Medium
S_07,Singasandra,Hosur Road,2024-07-01,9824,4067136,4.1,7211,4182,3029,134,34,Medium,Stable,Good parking and family demand,414.0,564.0183053668007,57.99473027319373,29.91364006514658,0.5799,57.99,0.0136,1.36,0.4201,42.01,79.28,42.01,13.640065146579806,0.3871204694020802,-11.247877758913416,Medium,Medium
S_08,Singasandra,Hosur Road,2024-08-01,9897,3384774,4.2,7956,4853,3103,134,27,Medium,Stable,Good parking and family demand,342.0,425.4366515837104,60.99798893916542,22.81353945640093,0.61,61.0,0.0135,1.35,0.39,39.0,81.3,39.0,13.539456400929572,-16.77745715904263,16.044954567192725,Medium,Medium
S_09,Singasandra,Hosur Road,2024-09-01,8563,3468015,4.3,6954,4172,2782,103,33,Medium,Stable,Good parking and family demand,405.0,498.70793787748056,59.994247914869135,28.71202849468644,0.5999,59.99,0.012,1.2,0.4001,40.01,83.6,40.01,12.028494686441668,2.459277931111492,-14.032557181125082,Medium,Medium
S_10,Singasandra,Hosur Road,2024-10-01,8710,3396900,4.4,7415,4078,3337,85,32,Medium,Stable,Good parking and family demand,390.0,458.111935266352,54.99662845583278,27.6097588978186,0.55,55.0,0.0098,0.98,0.45,45.0,86.04,45.0,9.75889781859931,-2.0505966669694287,-2.253116011505274,Medium,Medium
S_11,Singasandra,Hosur Road,2024-11-01,8846,3396864,4.3,7458,4251,3207,87,28,Medium,Stable,Good parking and family demand,384.0,455.4658085277554,56.99919549477072,23.709834953651367,0.57,57.0,0.0098,0.98,0.43,43.0,84.04,43.0,9.83495365136785,-0.0010597898083553,4.242275625306524,Medium,Medium
S_12,Singasandra,Hosur Road,2024-12-01,11353,4075727,4.4,8614,4996,3618,83,29,Medium,Stable,Good parking and family demand,359.0,473.1514975621082,57.99860691896912,24.607310842949,0.58,58.0,0.0073,0.73,0.42,42.0,86.54,42.0,7.310842949000264,19.984992039716644,17.525288167489993,Medium,Medium
S_13,Singasandra,Hosur Road,2025-01-01,9266,3484016,4.3,7421,4452,2969,93,34,Medium,Stable,Good parking and family demand,376.0,469.4806629834254,59.99191483627544,29.71003669328729,0.5999,59.99,0.01,1.0,0.4001,40.01,84.0,40.01,10.036693287286855,-14.517925268301823,-10.888710968775015,Medium,Medium
S_14,Singasandra,Hosur Road,2025-02-01,10392,3626808,4.3,8394,4700,3694,112,32,Medium,Stable,Good parking and family demand,349.0,432.071479628306,55.992375506314026,27.710777521170133,0.5599,55.99,0.0108,1.08,0.4401,44.01,83.84,44.01,10.77752117013087,4.098488640695108,5.570530098831994,Medium,Medium
S_15,Singasandra,Hosur Road,2025-03-01,9173,3705892,4.4,6808,3812,2996,92,34,Medium,Stable,Good parking and family demand,404.0,544.3437132784959,55.99294947121034,29.610029434209096,0.5599,55.99,0.01,1.0,0.4401,44.01,86.0,44.01,10.0294342090919,2.1805400230726413,-18.8936170212766,Medium,Medium
S_16,Singasandra,Hosur Road,2025-04-01,9876,3723252,4.3,7761,4811,2950,90,33,Medium,Stable,Good parking and family demand,377.0,479.7386934673367,61.9894343512434,28.70911300121507,0.6199,61.99,0.0091,0.91,0.3801,38.01,84.18,38.01,9.113001215066827,0.4684432250049442,26.20671563483736,Medium,Medium
S_17,Singasandra,Hosur Road,2025-05-01,8618,3593706,4.4,7491,4194,3297,139,30,Medium,Stable,Good parking and family demand,417.0,479.7364837805366,55.98718462154586,25.616129032258065,0.5599,55.99,0.0161,1.61,0.4401,44.01,84.78,44.01,16.129032258064516,-3.479377705296338,-12.824776553731033,Medium,Medium
S_18,Singasandra,Hosur Road,2025-06-01,8660,3282140,4.2,7235,3979,3256,114,29,Medium,Stable,Good parking and family demand,379.0,453.6475466482377,54.99654457498272,24.81316397228637,0.55,55.0,0.0132,1.32,0.45,45.0,81.36,45.0,13.163972286374134,-8.66976875682095,-5.126371006199337,Medium,Medium
S_19,Singasandra,Hosur Road,2025-07-01,9355,3302315,4.3,7932,4679,3253,90,27,Medium,Stable,Good parking and family demand,353.0,416.3281643973777,58.98890569843671,22.70962052378407,0.5899,58.99,0.0096,0.96,0.4101,41.01,84.08,41.01,9.620523784072688,0.614690415399699,17.592359889419452,Medium,Medium
S_20,Singasandra,Hosur Road,2025-08-01,8814,3534414,4.1,6852,4385,2467,84,29,Medium,Stable,Good parking and family demand,401.0,515.822241681261,63.99591360186807,24.90953029271613,0.64,64.0,0.0095,0.95,0.36,36.0,80.1,36.0,9.530292716133424,7.028372520489423,-6.283393887582822,Medium,Medium
S_21,Singasandra,Hosur Road,2025-09-01,9272,3504816,4.3,7734,4795,2939,97,34,Medium,Stable,Good parking and family demand,378.0,453.1698991466253,61.99896560641324,29.71046160483176,0.62,62.0,0.0105,1.05,0.38,38.0,83.9,38.0,10.461604831751512,-0.8374231202117222,9.350057012542766,Medium,Medium
S_22,Singasandra,Hosur Road,2025-10-01,11899,4783398,4.2,9524,5809,3715,117,27,Medium,Stable,Good parking and family demand,402.0,502.2467450650987,60.99328013439731,22.809832759055386,0.6099,60.99,0.0098,0.98,0.3901,39.01,82.04,39.01,9.832759055382803,36.48071681937084,21.14702815432743,Medium,Medium
S_23,Singasandra,Hosur Road,2025-11-01,11743,4896831,4.2,8580,4804,3776,126,33,Medium,Stable,Good parking and family demand,417.0,570.7262237762238,55.99067599067599,28.810729796474494,0.5599,55.99,0.0107,1.07,0.4401,44.01,81.86,44.01,10.729796474495444,2.3713895435838683,-17.30074023067654,Medium,Medium
S_24,Singasandra,Hosur Road,2025-12-01,11098,4505788,4.3,9105,5463,3642,130,32,Medium,Stable,Good parking and family demand,406.0,494.8696320702911,60.0,27.71171382231033,0.6,60.0,0.0117,1.17,0.4,40.0,83.66,40.0,11.713822310326185,-7.985633974298889,13.717735220649452,Medium,Medium
